customer_name,total_sales,total_profit,total_quantity,total_orders,average_discount
Katharine Harms,14912.0,3400.1688,213,39,0.11304109589041095
Mathew Reese,16125.0,3105.1226,246,28,0.046388888888888896
Brian Moss,13098.0,3028.13338,231,32,0.10336
Sanjit Engle,14130.0,3007.0235199999997,276,37,0.06057894736842105
John Grady,19483.0,2870.4401000000003,360,40,0.12225806451612904
Bill Shonely,12008.0,2839.77056,238,31,0.05315151515151515
Larry Tron,11362.0,2804.89294,174,34,0.06041509433962264
Jim Karlsson,13083.0,2791.2216,237,35,0.10378787878787878
Neil Knudson,11034.0,2790.4089,209,28,0.08852459016393444
Laura Armstrong,14831.0,2773.7062,288,45,0.096125
Aaron Bergman,13814.0,2719.627,258,37,0.1103658536585366
Christina Anderson,12580.0,2712.5955,221,37,0.07471875
Rick Duston,11140.0,2658.2904,202,32,0.046000000000000006
Chris Selesnick,14418.0,2602.5059,304,34,0.07851851851851853
Arthur Prichep,14363.0,2599.1546,275,37,0.0751764705882353
Nathan Mautz,15551.0,2563.7964,237,41,0.064
Nicole Hansen,15277.0,2559.1985,263,27,0.13202898550724637
Joe Kamberova,14303.0,2545.6479,290,39,0.13178571428571428
Janet Lee,12919.0,2479.98904,223,28,0.07846875
Eric Murdock,19489.0,2450.54748,351,43,0.1611063829787234
Ruben Ausman,11149.0,2441.55948,225,30,0.06880555555555555
Randy Bradley,16399.0,2429.66442,282,39,0.0899240506329114
Roland Schwarz,10519.0,2425.5780799999998,156,29,0.074
Julie Prescott,11307.0,2413.3802,235,42,0.05824324324324325
Nathan Gelder,11695.0,2380.26712,208,34,0.09175862068965518
Ben Ferrer,16661.0,2358.05394,301,37,0.081
Ben Wallace,14965.0,2352.20638,219,33,0.11841176470588234
Chuck Clark,12641.0,2344.43086,211,30,0.10589655172413794
Nat Gilpin,9873.0,2309.00286,178,28,0.07271875
Ralph Arnett,15848.0,2261.4947,233,38,0.163855421686747
Don Jones,11795.0,2235.051,252,35,0.07525
Ross Baird,12598.0,2217.12374,282,39,0.11197260273972602
Rick Bensley,14259.0,2181.804,299,37,0.07869333333333334
Sandra Glassco,9272.0,2172.5464,135,23,0.07066666666666667
Alejandro Savely,11085.0,2163.09996,240,38,0.05495774647887324
Jack O'Briant,9355.0,2155.9967,160,29,0.08854166666666667
Toby Gnade,11004.0,2155.169,218,34,0.11737704918032787
Muhammed Lee,10794.0,2151.08896,221,35,0.08152941176470589
Bill Eplett,14120.0,2139.2449,349,41,0.09055913978494624
Ricardo Emerson,9875.0,2124.10118,169,27,0.08375438596491228
Lauren Leatherbury,12140.0,2120.75386,200,35,0.07771875
Rick Wilson,12965.0,2113.4309,226,31,0.15806451612903227
Jeremy Pistek,15312.0,2112.13216,257,30,0.11777464788732395
Tonja Turnell,11978.0,2111.0177599999997,253,38,0.14627848101265822
Barry Pond,10389.0,2090.96176,176,30,0.16143859649122808
Theresa Coyne,13887.0,2090.61736,297,35,0.14348717948717948
Richard Eichhorn,9811.0,2086.97564,192,29,0.12096875
Nora Paige,9792.0,2067.2594599999998,151,24,0.05504545454545455
Chad Cunningham,10380.0,2065.72744,211,29,0.1279298245614035
Chris Cortes,10366.0,2059.0986,258,44,0.09246511627906977
Clytie Kelty,13344.0,2047.89748,270,36,0.12976315789473683
William Brown,14763.0,2033.8223,289,40,0.15053658536585365
Eugene Moren,15663.0,2029.72684,311,34,0.16937078651685394
Laurel Elliston,11477.0,2025.0286,199,30,0.1178688524590164
Gary Mitchum,8941.0,2023.4064,143,21,0.1488095238095238
Rob Dowd,11959.0,2018.7993,258,37,0.07204819277108435
Dean percer,11438.0,2016.94572,237,35,0.08444155844155844
Janet Molinari,12324.0,2015.4875,289,31,0.10594594594594595
Dianna Wilson,13900.0,2005.3693,284,34,0.10033734939759036
Marc Harrigan,13953.0,1997.51286,248,28,0.07511111111111111
Raymond Messe,10588.0,1994.90602,179,31,0.08392982456140351
Magdelene Morse,9401.0,1993.97012,189,30,0.08003333333333335
Frank Hawley,9979.0,1993.1436,149,27,0.1
Ruben Dartt,12314.0,1985.5342,261,39,0.07560975609756097
Dan Reichenbach,16705.0,1984.3986000000002,309,40,0.1478809523809524
Jim Sink,11308.0,1984.1623,239,30,0.12121212121212122
Victoria Pisteka,11261.0,1963.5694,208,29,0.11946428571428572
Anthony Johnson,10031.0,1960.7026,250,32,0.08533333333333334
Cathy Hwang,10657.0,1955.98236,205,26,0.06957575757575757
Roy Französisch,12696.0,1955.29178,252,37,0.11918421052631578
Bruce Degenhardt,14082.0,1949.5561,252,42,0.14525333333333335
Ivan Gibson,11833.0,1948.15118,209,35,0.1103013698630137
Natalie DeCherney,10384.0,1942.43732,210,29,0.11072131147540984
Max Jones,12009.0,1933.9899,189,30,0.222135593220339
Heather Kirkland,13141.0,1924.9397000000001,199,33,0.12101694915254238
Dennis Kane,12194.0,1912.8349,256,35,0.07042253521126761
Roger Demir,10075.0,1912.7879,244,37,0.12041095890410958
Todd Sumrall,13667.0,1912.3343,205,33,0.11092753623188406
Toby Ritter,9778.0,1905.29746,197,25,0.05828571428571429
Claire Gute,11092.0,1892.4154199999998,177,25,0.16023529411764706
Frank Olsen,13157.0,1890.6094,275,45,0.13829268292682928
Justin Deggeller,13402.0,1887.26708,213,34,0.05221875
Jill Fjeld,14042.0,1884.63806,237,34,0.1375277777777778
Kunst Miller,12047.0,1878.8645000000001,230,25,0.14015151515151514
Chuck Sachs,13829.0,1874.76958,212,31,0.10790909090909091
Jennifer Patt,11190.0,1870.08932,260,36,0.12176315789473684
Tracy Hopkins,9607.0,1867.1532,176,30,0.14867924528301887
Ellis Ballard,10373.0,1861.08534,145,30,0.09796153846153846
Theone Pippenger,17416.0,1859.91698,284,41,0.1685
Jas O'Carroll,7780.0,1853.8473000000001,159,24,0.06446511627906976
Greg Tran,11550.0,1848.79738,249,33,0.14812987012987014
Joseph Holt,13095.0,1846.3041,293,42,0.1239268292682927
Raymond Buch,9927.0,1843.8107,234,29,0.08238805970149253
Christopher Schild,11296.0,1836.14256,192,28,0.07696153846153846
Justin Hirsh,14804.0,1834.6284,254,40,0.1113157894736842
Patrick O'Brill,15218.0,1825.1254999999999,333,45,0.1445360824742268
Maria Etezadi,18237.0,1822.9341,272,40,0.13374999999999998
Trudy Glocke,9812.0,1810.9398,250,38,0.15318840579710144
Neil Französisch,8692.0,1809.4927,172,29,0.14240677966101695
Charles Sheldon,10215.0,1806.085,208,33,0.11339285714285714
Cynthia Delaney,10428.0,1804.3377,215,32,0.10454545454545455
Hilary Holden,12634.0,1799.2940199999998,235,27,0.06094545454545455
Yana Sorensen,9346.0,1791.559,171,29,0.06545454545454546
Keith Dawkins,13066.0,1791.2825,216,38,0.09041666666666666
Shahid Collister,11615.0,1787.35504,306,40,0.15017283950617283
Bart Watters,15292.0,1772.2077,309,44,0.09786516853932585
Sally Knutson,8423.0,1768.10782,211,25,0.10917241379310344
Evan Minnotte,11421.0,1758.8819600000002,213,26,0.09193650793650793
Dave Hallsten,13007.0,1757.6838,253,35,0.09135802469135802
Kelly Andreada,12726.0,1753.72592,284,42,0.08616867469879519
Alan Barnes,9252.0,1751.8184999999999,214,35,0.08947368421052632
Parhena Norris,9654.0,1751.57482,201,38,0.09060714285714286
Christina DeMoss,10360.0,1748.04078,247,31,0.119
Brosina Hoffman,13821.0,1747.8586,311,38,0.15331111111111112
Liz Thompson,12674.0,1746.91616,237,32,0.1487058823529412
Claudia Bergmann,10863.0,1745.25604,213,29,0.1224179104477612
Alejandro Grove,9101.0,1743.40452,223,33,0.04975
Alex Avila,9350.0,1742.1808999999998,155,25,0.12395833333333334
Becky Castell,13269.0,1738.2404000000001,294,34,0.14069767441860465
Andrew Roberts,9975.0,1714.25086,214,38,0.0995820895522388
Toby Carlisle,12016.0,1713.1837,210,33,0.11629032258064516
Adam Hart,14637.0,1708.50072,273,40,0.0900253164556962
Rob Williams,7579.0,1705.4756,132,28,0.09065217391304348
Bryan Spruell,9980.0,1703.8764,195,30,0.05439393939393939
Matthew Grinstein,10685.0,1702.72368,191,22,0.06636734693877551
Elizabeth Moffitt,10397.0,1699.40836,184,32,0.1421967213114754
Bradley Nguyen,8971.0,1694.03884,231,31,0.06019354838709678
Ryan Crowe,8531.0,1690.5754000000002,153,26,0.09673469387755103
Dario Medina,14285.0,1688.49622,238,41,0.15894444444444444
Sanjit Chand,10576.0,1686.4078,220,33,0.1553125
Mark Van Huff,10394.0,1685.8031,177,32,0.14357142857142854
Susan Pistek,10528.0,1684.423,183,32,0.13999999999999999
Doug O'Connell,11664.0,1677.85852,214,30,0.15521212121212122
Denise Leinenbach,11587.0,1670.7772,268,37,0.09861111111111112
Nick Radford,12891.0,1669.96578,212,34,0.15620588235294117
Brad Norvell,13688.0,1667.44598,213,36,0.12915625
Eric Hoffmann,9161.0,1666.88482,222,35,0.1260285714285714
Matt Collister,6891.0,1665.43228,172,27,0.09027450980392157
Yoseph Carroll,7754.0,1658.453,163,27,0.06163265306122449
Paul Van Hugh,10379.0,1654.8812,202,32,0.11916666666666667
Carl Weiss,9095.0,1647.2338,204,28,0.0778846153846154
Heather Jas,8907.0,1645.3289,210,37,0.07125000000000001
Logan Currie,14009.0,1643.7669600000002,246,36,0.13194202898550725
Keith Herrera,8849.0,1638.8298,240,33,0.06575342465753424
Gary Hwang,15174.0,1637.3628999999999,352,41,0.1422680412371134
Neil Ducich,7258.0,1636.57432,164,29,0.10676923076923078
Katherine Ducich,9210.0,1633.5906,135,21,0.04789473684210527
Paul Gonzalez,15922.0,1620.1805,337,34,0.10023913043478261
Brian Stugart,10107.0,1619.3722,226,31,0.115625
John Huston,12115.0,1615.6307,256,37,0.11974025974025974
Russell D'Ascenzo,8588.0,1612.82572,205,33,0.13588059701492536
Karen Bern,7616.0,1612.6211,156,34,0.10192307692307692
Sandra Flanagan,9517.0,1604.4113,176,29,0.08
John Murray,12537.0,1601.3947,267,33,0.11866666666666667
Christine Phan,15645.0,1599.22218,250,33,0.08446753246753247
Julie Kriz,11077.0,1598.37444,203,31,0.11923809523809524
Deirdre Greer,11115.0,1597.0636,222,33,0.13114754098360656
Justin Ritter,9916.0,1595.521,175,27,0.11964285714285715
Carlos Daly,9764.0,1588.5388,207,30,0.1015625
Brendan Sweed,8457.0,1579.0843200000002,184,27,0.12276363636363637
Luke Schmidt,11385.0,1574.62872,191,28,0.16385454545454547
Steven Roelle,10621.0,1565.3564000000001,196,36,0.08336666666666666
Linda Cazamias,10326.0,1560.18356,180,34,0.11352380952380953
Erica Hackney,9481.0,1556.9195,171,32,0.13470588235294118
Bobby Elias,10746.0,1553.78856,196,36,0.11900000000000001
Jay Kimmel,13401.0,1550.04784,247,33,0.12032835820895524
Fred Harton,7273.0,1546.91482,129,22,0.09054999999999999
Art Foster,11594.0,1545.6309,258,37,0.12669444444444444
Bryan Mills,13819.0,1542.8068,262,43,0.145625
Joy Bell-,15276.0,1537.73702,305,38,0.14052499999999998
Anne McFarland,11732.0,1527.3485,255,35,0.09859154929577464
Anna Gayman,11788.0,1527.10154,237,31,0.21202666666666667
Matt Collins,13453.0,1524.54176,263,41,0.1674794520547945
Shui Tom,7929.0,1524.20796,181,38,0.09747540983606559
Craig Yedwab,11854.0,1523.3838,190,35,0.10372881355932204
Justin MacKendrick,7963.0,1521.9272,165,32,0.10653846153846154
Stewart Visinsky,11174.0,1520.2736,243,34,0.1404225352112676
Monica Federle,14163.0,1519.6794,263,38,0.10134146341463415
Eugene Hildebrand,13510.0,1519.24682,259,42,0.17148780487804877
Mark Packer,8777.0,1511.2111,197,29,0.13416326530612244
Don Miller,8960.0,1509.6644800000001,187,25,0.13729411764705882
Filia McAdams,9201.0,1507.7438,204,32,0.13666666666666666
Sam Zeldin,12038.0,1507.3173,250,39,0.17402666666666666
Lindsay Shagiari,8317.0,1505.2803999999999,187,27,0.17189655172413795
Thea Hudgings,11192.0,1505.17098,205,31,0.09839344262295081
Harry Marie,13890.0,1501.6593,267,40,0.16746835443037975
Mitch Webber,11794.0,1500.9516,237,34,0.17823529411764705
Frank Carlisle,7390.0,1497.8599,153,28,0.09937499999999999
Liz Preis,13151.0,1493.462,229,30,0.1287536231884058
James Galang,11130.0,1484.0799,246,39,0.14807692307692308
Steve Carroll,12455.0,1483.27108,224,35,0.10787692307692308
Katherine Hughes,9965.0,1476.5179,215,35,0.10849315068493151
Ralph Ritter,9305.0,1474.45138,127,24,0.09749019607843139
Anemone Ratner,8401.0,1467.50532,168,26,0.12879166666666667
Roy Skaria,8121.0,1463.42858,209,28,0.12057142857142857
Erin Mull,8133.0,1461.89518,188,26,0.10882758620689656
Andy Yotov,6650.0,1458.77634,158,26,0.07351020408163265
Michelle Ellison,9078.0,1457.71082,143,28,0.095875
Karen Carlisle,9096.0,1451.516,194,34,0.23500000000000001
Cathy Prescott,9526.0,1451.0977,227,31,0.12066666666666667
Lisa Ryan,13397.0,1445.9683,231,35,0.1128157894736842
Harry Greene,13321.0,1438.37372,301,39,0.11579381443298968
Alan Hwang,13381.0,1434.59958,264,35,0.12061764705882352
Ionia McGrath,5019.0,1419.95336,120,22,0.10545945945945946
Marina Lichtenstein,7518.0,1416.3962,185,31,0.09166666666666667
Eva Jacobs,10108.0,1416.1009,157,28,0.1161304347826087
Becky Pak,8264.0,1412.7046,206,30,0.10632142857142857
Tim Brockman,12180.0,1412.0262,283,42,0.18152941176470588
Joe Elijah,11111.0,1410.9952,276,42,0.20013333333333333
Scot Coram,9255.0,1407.181,214,27,0.11228070175438597
Liz Willingham,8045.0,1400.0412000000001,126,25,0.12560975609756098
Andrew Gjertsen,10818.0,1399.6033,279,40,0.17226666666666668
Adrian Hane,9173.0,1399.49208,200,26,0.13273076923076924
Joel Eaton,12824.0,1396.12486,245,41,0.13651219512195123
Anthony Witt,9539.0,1393.4425,220,32,0.16756756756756758
Stefanie Holloman,10007.0,1392.2311,192,28,0.13584905660377358
Dave Kipp,10483.0,1389.5457,187,38,0.11650847457627118
John Castell,8642.0,1387.97124,167,29,0.13317647058823529
Olvera Toch,11007.0,1385.99586,231,36,0.13916417910447762
Dianna Vittorini,9441.0,1384.99258,199,24,0.057827586206896556
Joseph Airdo,8738.0,1383.7703000000001,219,30,0.1784507042253521
Matthew Clasen,10728.0,1381.3922,241,34,0.06635135135135135
George Zrebassa,8791.0,1377.5078,184,30,0.12681632653061223
Lycoris Saunders,11739.0,1377.4046799999999,223,34,0.2000506329113924
Jamie Kunitz,7858.0,1375.2142,177,28,0.1051063829787234
Philisse Overcash,10149.0,1371.7093,197,31,0.13311764705882353
Anna Häberlin,12185.0,1370.7957199999998,260,35,0.12471232876712328
Jeremy Farry,8060.0,1367.26856,168,36,0.08076363636363637
Jessica Myrick,7789.0,1358.9265,168,25,0.15490196078431373
Aimee Bixby,5838.0,1358.3887,167,26,0.11199999999999999
Michael Moore,9236.0,1350.1462,231,37,0.10422535211267606
Chad McGuire,8871.0,1349.5372,139,21,0.1003076923076923
Henry Goldwyn,8960.0,1349.1636,241,36,0.13912121212121212
Kelly Williams,7637.0,1345.6863,224,39,0.14576470588235296
Clay Cheatham,8317.0,1341.86094,183,30,0.13732203389830508
Penelope Sewall,11264.0,1339.9583,224,32,0.10619718309859155
Thomas Boland,11211.0,1338.3854,225,31,0.11923076923076924
Bill Stewart,12568.0,1332.6769,250,28,0.19725
David Smith,9335.0,1331.7185,201,33,0.10733333333333334
Paul Prost,15850.0,1324.0236,274,32,0.13373333333333332
Anne Pryor,9139.0,1321.9451,225,25,0.13596610169491527
Steve Nguyen,9043.0,1319.35626,216,27,0.1279655172413793
Cindy Chapman,11694.0,1314.6010999999999,213,35,0.13323529411764706
Justin Ellison,7487.0,1314.05196,162,28,0.14204
Jennifer Ferguson,7306.0,1312.20698,190,31,0.08399999999999999
Robert Dilbeck,8643.0,1312.0119,165,28,0.14921568627450982
Delfina Latchford,10868.0,1306.2427,273,31,0.11549295774647889
Vivek Grady,10181.0,1305.9228,176,26,0.08842857142857143
Alex Russell,11892.0,1302.4118,195,35,0.15016393442622952
Greg Hansen,12701.0,1299.54962,232,38,0.2135
Brian Dahlen,6907.0,1297.53444,151,24,0.07052173913043477
Kristen Hastings,13943.0,1297.2094,291,45,0.152
Mick Brown,10078.0,1295.16358,212,37,0.16820289855072462
Neoma Murray,5893.0,1285.2995,206,27,0.15562499999999999
Astrea Jones,10714.0,1284.55798,202,27,0.15918644067796608
Eric Barreto,6356.0,1284.4547,138,27,0.11599999999999999
Sally Hughsby,12005.0,1283.30644,266,36,0.15701369863013698
Thea Hendricks,11671.0,1282.1381,183,31,0.12473684210526316
Cari MacIntyre,13878.0,1276.9685,244,37,0.17121621621621622
Liz Carlisle,7621.0,1274.69922,178,30,0.14792307692307693
Sanjit Jacobs,8349.0,1272.8029,246,38,0.17933333333333332
Zuschuss Donatelli,10303.0,1271.5191,167,28,0.10676923076923076
Tamara Chand,10548.0,1267.4539,233,36,0.18439999999999998
Robert Waldorf,7419.0,1260.3263,198,32,0.12245901639344262
Thomas Brumley,8178.0,1259.53432,136,21,0.1308888888888889
David Wiener,8743.0,1258.0483,182,29,0.13527272727272727
Corey Catlett,9301.0,1256.252,180,32,0.12321428571428572
Brian Derr,10173.0,1250.3393,227,34,0.1436923076923077
Maria Zettner,9759.0,1246.3994,161,30,0.1148
Patrick Gardner,9431.0,1244.2509,231,41,0.13164383561643836
Dorothy Badders,10384.0,1242.2766,177,25,0.1606530612244898
Cyra Reiten,8959.0,1241.1823,167,32,0.09450980392156863
Dennis Bolton,8476.0,1239.79686,192,30,0.11788235294117648
Grace Kelly,8841.0,1239.6984,205,27,0.18416666666666667
Sylvia Foulston,5359.0,1233.827,140,21,0.14931818181818182
Carlos Meador,6894.0,1231.582,142,24,0.136
Erica Smith,9886.0,1228.29844,207,39,0.13956923076923075
Muhammed MacIntyre,7812.0,1227.5566,180,34,0.10471698113207546
Kelly Collister,9058.0,1227.54566,159,31,0.15688000000000002
Suzanne McNair,10001.0,1226.45514,199,38,0.11248387096774194
Steven Ward,15984.0,1217.3406,354,37,0.0994059405940594
David Kendrick,8426.0,1216.3017,182,35,0.12963636363636363
Paul Lucas,7348.0,1215.7583,151,22,0.1361904761904762
Giulietta Baptist,10880.0,1210.75568,230,30,0.12372307692307692
Mitch Gastineau,11032.0,1210.5943,198,35,0.12384126984126984
Bradley Drucker,7902.0,1207.8082,170,29,0.12785714285714286
Mike Caudle,8335.0,1204.6475,210,28,0.09
Henry MacAllister,10575.0,1199.9053,206,33,0.10639344262295082
Corey-Lock,13049.0,1196.03996,238,30,0.15091176470588236
Kean Nguyen,12771.0,1195.9462,216,34,0.1807936507936508
Randy Ferguson,10497.0,1195.429,207,31,0.10348275862068965
Bill Donatelli,8709.0,1187.0137,213,35,0.09769230769230769
Evan Henry,10283.0,1183.49552,166,36,0.15003508771929824
Dean Braden,11100.0,1181.6078,243,34,0.20492957746478874
Anna Andreadi,13078.0,1181.227,287,46,0.18913636363636363
Erica Bern,10188.0,1179.2284,232,40,0.1608219178082192
Dana Kaydos,12776.0,1178.76696,221,28,0.11695522388059702
Nat Carroll,11100.0,1174.97094,225,28,0.08127777777777778
Max Ludwig,11777.0,1173.1431,203,33,0.11163934426229509
Tom Boeckenhauer,13345.0,1168.3272,269,33,0.15674157303370786
Jonathan Doherty,12955.0,1165.39952,287,37,0.09730864197530864
Doug Bickford,8249.0,1165.13,196,31,0.12185454545454545
Tom Stivers,9486.0,1164.5627,218,27,0.11984848484848486
Denny Blanton,8565.0,1164.5218,176,28,0.1205
Sheri Gordon,8203.0,1164.1273,193,30,0.09763636363636363
Ross DeVincentis,8731.0,1154.37446,264,36,0.17107246376811594
Nick Zandusky,9891.0,1149.84572,203,29,0.10167213114754098
Cathy Armstrong,10200.0,1149.0199,202,24,0.11185454545454546
Karen Ferguson,9462.0,1142.5299,189,30,0.11983050847457626
Ted Trevino,10547.0,1142.0846,211,33,0.12803278688524591
Jason Gross,9288.0,1138.6496,206,27,0.10692307692307691
Doug Jacobs,9116.0,1137.2162,171,33,0.1345098039215686
Anthony Rawles,9777.0,1136.5254,217,43,0.13060606060606061
Victor Preis,9149.0,1135.9358,190,33,0.17360714285714285
Michael Paige,12236.0,1132.7219,291,46,0.19066666666666668
Helen Andreada,7069.0,1131.3248,196,31,0.138
Christine Kargatis,9082.0,1131.16922,234,34,0.1401875
Bradley Talbott,8614.0,1126.6553,177,31,0.1428301886792453
Scot Wooten,10061.0,1126.44362,197,28,0.14437735849056604
Arianne Irving,6371.0,1125.2064,168,25,0.09666666666666666
Thomas Seio,8486.0,1118.34282,199,34,0.09175
Sam Craven,11056.0,1116.0096,245,38,0.13884057971014493
Maribeth Yedwab,9952.0,1111.4323000000002,182,30,0.22715384615384615
Trudy Brown,11758.0,1109.8269,211,34,0.16333333333333333
Thais Sissman,6787.0,1109.5608,188,27,0.09016666666666667
Sonia Sunley,9454.0,1104.1765,203,28,0.12745762711864406
Art Ferguson,14159.0,1097.1787,286,43,0.14521739130434783
Dan Campbell,10066.0,1097.0364,221,38,0.13133333333333333
Susan MacKendrick,7225.0,1091.5049000000001,130,21,0.078
Erica Hernandez,9431.0,1090.3313,186,34,0.11333333333333334
Brendan Dodson,6164.0,1076.23274,135,22,0.0649090909090909
Robert Marley,8347.0,1074.8631,151,27,0.0922222222222222
Toby Swindell,12862.0,1070.02058,233,36,0.15158904109589041
Laurel Workman,7387.0,1064.62494,170,31,0.09511475409836065
Daniel Byrd,11267.0,1055.8925,194,34,0.14387096774193547
Maxwell Schwartz,10302.0,1051.32044,242,42,0.12545714285714285
Eleni McCrary,6162.0,1046.14294,136,28,0.1326938775510204
Barry Gonzalez,11019.0,1044.184,223,32,0.12645161290322582
Dennis Pardue,7125.0,1043.8977,167,33,0.07839285714285714
Natalie Fritzler,15013.0,1042.7306,277,40,0.17790697674418607
Alejandro Ballentine,10476.0,1038.8327,190,39,0.11338461538461539
Ed Ludwig,11574.0,1038.5874000000001,252,33,0.09857142857142857
Shirley Daniels,11659.0,1038.1461,291,40,0.1752439024390244
Eudokia Martin,12169.0,1034.5239000000001,185,26,0.13116666666666668
Laurel Beltran,13552.0,1033.04022,284,37,0.19896385542168674
Jim Kriz,6051.0,1029.7738,135,30,0.12805128205128205
Sonia Cooley,8602.0,1026.2015999999999,209,34,0.12035714285714286
Trudy Schmidt,7976.0,1025.7034999999998,175,29,0.12563636363636363
Jason Klamczynski,8011.0,1025.12702,199,29,0.114
Sarah Bern,10439.0,1018.6997999999999,145,20,0.17625000000000002
Pauline Webber,9344.0,1018.56236,218,37,0.17433846153846153
Joel Jenkins,11931.0,1017.2112,243,33,0.13012820512820514
Nancy Lomonaco,5714.0,1015.7659,147,26,0.16375
Katrina Willman,8454.0,1015.6156000000001,167,25,0.16685185185185183
Matt Connell,10904.0,1004.5205,190,28,0.11860714285714287
Andrew Allen,5684.0,1003.24168,129,19,0.11005128205128205
Toby Braunhardt,10412.0,1002.8458599999999,207,34,0.12933333333333333
Stefania Perrino,8655.0,1002.3219,248,35,0.16444444444444445
Barry Weirich,10017.0,1001.1355,199,22,0.10562500000000001
James Lanier,5509.0,1000.9806600000001,146,30,0.1287391304347826
Noah Childs,12419.0,1000.87458,198,30,0.09214035087719298
Karl Braun,12907.0,994.5503,269,40,0.18685393258426966
Mark Haberlin,7485.0,993.1684,207,33,0.07140845070422536
Mick Hernandez,9775.0,993.0923,211,32,0.13525
Harold Engle,9393.0,990.58802,235,35,0.1244857142857143
Craig Leslie,10081.0,984.5807,222,34,0.11390625
Bart Pistole,10087.0,984.2587,243,38,0.14557142857142857
Tom Prescott,8458.0,977.06922,166,25,0.1863673469387755
Ken Black,7669.0,975.9764,235,29,0.14083333333333334
Gene Hale,7842.0,975.8987,167,25,0.10977777777777777
Nick Crebassa,7502.0,975.3792000000001,147,29,0.19285714285714284
Sean O'Donnell,11187.0,974.7836199999999,190,30,0.0932280701754386
Marc Crier,11961.0,973.80926,202,37,0.13107462686567165
Hallie Redmond,7961.0,969.3724000000001,184,26,0.11315789473684211
Lela Donovan,11458.0,962.9986799999999,246,37,0.1769705882352941
Roland Fjeld,10198.0,962.9234999999999,205,26,0.08017241379310346
Ashley Jarboe,8663.0,961.1232000000001,170,34,0.13365384615384615
Craig Molinari,8322.0,960.8589000000001,163,26,0.1798076923076923
Duane Huffman,6637.0,954.8095,157,27,0.13699999999999998
Shirley Schmidt,5213.0,953.21052,140,21,0.1103529411764706
Henia Zydlo,8556.0,948.1319,165,27,0.1985818181818182
Annie Thurman,7525.0,946.6963,170,33,0.07134615384615385
Vivek Sundaresam,6396.0,946.6467,129,22,0.17297297297297298
Jane Waco,14659.0,945.1957,270,40,0.11742857142857144
John Lee,10364.0,944.1958,263,37,0.11461538461538462
Michelle Lonsdale,7888.0,943.8592,143,26,0.11782608695652173
Christine Abelman,6178.0,943.72616,110,26,0.09219047619047618
Dorris liebe,8905.0,943.5192,150,29,0.19818181818181818
Melanie Seite,11887.0,942.4845,217,33,0.18323529411764705
Tracy Poddar,10849.0,942.0,246,35,0.1272727272727273
Dave Brooks,10008.0,941.36676,197,32,0.1831290322580645
Barbara Fisher,6942.0,936.3491,186,30,0.13066666666666665
Frank Merwin,8901.0,931.46362,235,38,0.16016666666666668
Brad Eason,12314.0,928.4377000000001,219,29,0.16
Bryan Davis,8387.0,926.16726,208,30,0.13269999999999998
Eugene Barchas,9172.0,923.9766999999999,180,34,0.22083333333333333
Brian Thompson,10650.0,922.7895,204,26,0.11571428571428573
Brendan Murry,6514.0,920.65068,140,33,0.09696153846153846
Dionis Lloyd,10285.0,913.03,180,29,0.15490196078431373
Fred Hopkins,11989.0,903.15832,240,38,0.15191891891891893
Dianna Arnett,9873.0,901.52266,212,28,0.16542857142857142
Cynthia Voltz,8918.0,901.4597,158,25,0.1432
Tracy Blumstein,14888.0,899.53382,297,45,0.19615909090909092
Shirley Jackson,7844.0,894.4962999999999,197,29,0.1163265306122449
Larry Blacks,11094.0,891.49192,209,35,0.14367213114754096
Debra Catini,10165.0,889.6071000000001,191,26,0.11180392156862745
Greg Guthrie,10703.0,885.95426,270,33,0.09591780821917809
Tony Chapman,9126.0,883.53256,219,38,0.17113846153846154
Beth Thompson,9111.0,880.4617999999999,226,34,0.18308823529411763
Patrick O'Donnell,10512.0,876.3271,239,40,0.12608219178082192
Maurice Satty,7482.0,872.42306,190,33,0.12586666666666668
Dorothy Dickinson,9968.0,870.2112,226,32,0.11695384615384616
Thomas Thornton,9777.0,866.1531600000001,211,29,0.18461016949152542
Bart Folk,9707.0,862.5129,196,26,0.17884615384615385
Maria Bertelson,7563.0,856.7323200000001,165,33,0.13040740740740742
Gene McClure,5892.0,851.10812,145,26,0.09874418604651164
Darren Koutras,9820.0,849.3167000000001,216,34,0.12632258064516128
Brenda Bowman,6738.0,849.24668,194,30,0.17898245614035088
Sung Chung,7931.0,846.0187199999999,177,27,0.20004545454545453
Liz MacKendrick,7599.0,845.871,183,22,0.07608695652173914
Lena Hernandez,9837.0,845.55198,212,31,0.17535849056603775
Carl Ludwig,6977.0,844.64876,177,37,0.13585454545454545
Naresj Patel,9133.0,843.763,202,33,0.11774193548387096
Erin Smith,11456.0,843.4212,205,32,0.14521739130434783
Jamie Frazer,11315.0,843.2244000000001,245,35,0.15579710144927536
Alan Schoenberger,10308.0,841.9814,203,34,0.1748529411764706
Kristina Nunn,6208.0,841.7835,137,24,0.13863636363636364
Steven Cartwright,11707.0,841.6973,297,36,0.1565217391304348
Troy Blackwell,7943.0,841.5909,154,29,0.09333333333333334
Ted Butterfield,10019.0,841.24002,305,31,0.09183561643835617
Tamara Willingham,5938.0,840.8941000000001,161,34,0.13962962962962963
Helen Wasserman,11534.0,836.0267,205,35,0.09870967741935484
Denny Ordway,8332.0,829.5083999999999,219,40,0.12102564102564102
Ken Dana,7935.0,827.19052,215,27,0.18370909090909093
Amy Hunt,4959.0,824.0691,121,24,0.08944444444444445
Rob Lucas,8967.0,820.30888,196,29,0.16867796610169492
Chris McAfee,5845.0,819.3518,116,26,0.12380487804878047
Ken Heidel,6589.0,816.9,185,32,0.17563636363636365
Bill Tyler,4896.0,814.1591999999999,156,27,0.12555555555555556
Jennifer Jackson,6561.0,812.2342,132,23,0.16675675675675675
Lindsay Williams,7259.0,807.3067,164,33,0.16428571428571428
Rick Huthwaite,8474.0,805.06546,170,32,0.17860714285714283
Katherine Murray,12760.0,804.99184,241,32,0.15194871794871795
Jennifer Braxton,9059.0,803.1546999999999,219,40,0.163768115942029
Lisa DeCherney,10428.0,802.59764,172,33,0.17371929824561402
Christy Brittain,9954.0,801.1668599999999,186,25,0.18093617021276595
Saphhira Shifley,11414.0,794.2137399999999,282,36,0.14215584415584415
Speros Goranitis,8291.0,793.1996,200,36,0.20333333333333334
Deborah Brumfield,9378.0,789.0868999999999,179,27,0.1642857142857143
Michael Chen,10064.0,785.81942,171,31,0.1461311475409836
Ken Brennan,8191.0,784.3451,169,36,0.13672727272727273
Guy Thornton,7944.0,784.1793200000001,191,31,0.10773770491803279
Gary McGarr,8154.0,782.63212,161,33,0.134
Philip Fox,12294.0,782.3058,223,42,0.12285714285714286
Angele Hood,7151.0,778.3551,153,30,0.19521739130434784
Carol Triggs,8828.0,778.23334,153,28,0.10922448979591837
Harold Dahlen,10950.0,773.4722,226,35,0.20223684210526316
Shahid Hopkins,11786.0,772.85294,214,36,0.18092537313432835
Roger Barcio,9129.0,772.7461,139,28,0.16490196078431374
Nicole Fjeld,8154.0,771.28462,149,26,0.14517073170731706
Maribeth Schnelling,11385.0,768.1036,257,38,0.11293333333333334
Chuck Magee,8097.0,766.1956799999999,206,28,0.1401090909090909
Adam Bellavance,7469.0,764.4469,226,39,0.1353225806451613
Kimberly Carter,9505.0,764.42274,188,26,0.09544000000000001
Brian DeCherney,9659.0,761.79992,203,36,0.11063636363636364
Maya Herman,11092.0,760.13544,211,33,0.0819
Nathan Cano,5752.0,759.8148,129,23,0.18717391304347825
Julie Creighton,10749.0,757.37408,215,34,0.17888524590163932
Anthony Jacobs,9972.0,755.4344000000001,213,35,0.23434210526315788
Frank Gastineau,7316.0,752.0822000000001,148,27,0.15357142857142858
Philip Brown,10083.0,750.68916,238,43,0.18362666666666666
Tamara Manning,7347.0,749.5779,171,30,0.10764705882352942
Lynn Smith,9435.0,746.3314000000001,195,29,0.10943396226415095
Alice McCarthy,10769.0,746.0384,267,38,0.09013513513513513
Julia West,10169.0,744.6552,195,29,0.11946428571428572
Carol Adams,7633.0,744.1967999999999,143,31,0.16714285714285712
Craig Carroll,10409.0,743.4853,192,23,0.21901960784313726
Scott Cohen,9711.0,741.7561999999999,233,33,0.23097222222222222
Xylona Preis,7013.0,735.8876,197,28,0.08396551724137931
Victoria Brennan,9630.0,730.3638,175,24,0.1811818181818182
Jeremy Lonsdale,6074.0,728.7733000000001,143,25,0.07444444444444445
Ed Jacobs,7599.0,728.2328,130,30,0.15627906976744185
Hunter Glantz,10186.0,726.9108,227,35,0.13253125
Fred Chung,5129.0,725.9532399999999,142,27,0.113375
Theresa Swint,6534.0,722.6924,191,27,0.1064516129032258
Berenike Kampe,8550.0,718.35896,210,33,0.1630967741935484
Carol Darley,10376.0,718.14526,211,30,0.17139393939393938
Pete Armstrong,6417.0,716.31456,175,25,0.22244444444444444
Bobby Odegard,7652.0,712.1807200000001,187,28,0.1519622641509434
Jason Fortune-,12209.0,710.8863,252,31,0.14617910447761195
Alan Shonely,9225.0,706.01416,242,35,0.12948387096774194
Alan Dominguez,9010.0,705.0015,145,30,0.16333333333333333
Julia Dunbar,8596.0,704.46006,127,26,0.15221739130434783
Christine Sundaresam,9433.0,703.9442,182,40,0.13984615384615384
Nona Balk,6447.0,702.7385,146,26,0.12125000000000001
Alyssa Crouse,6380.0,700.6515,160,33,0.1371186440677966
Dean Katz,9356.0,696.1108,200,36,0.11945454545454547
Sara Luxemburg,12326.0,693.6228000000001,232,45,0.11455696202531647
Emily Phan,12544.0,687.9668,239,34,0.15957142857142856
Beth Fritzler,9530.0,686.44284,192,30,0.11757894736842105
Michael Nguyen,10708.0,681.9208199999999,193,26,0.24176923076923076
Deanra Eno,8478.0,678.6374,163,29,0.07884615384615386
Patricia Hirasaki,6026.0,675.1460999999999,119,25,0.12216216216216215
Max Engle,9924.0,673.2612,224,39,0.13319444444444445
Jeremy Ellison,5074.0,672.9317,137,29,0.1761904761904762
Pierre Wener,5880.0,671.3088,187,30,0.13949999999999999
Joni Blumstein,8718.0,666.4181600000001,195,27,0.14056140350877194
Giulietta Weimer,9861.0,659.2957,184,32,0.15288461538461537
Rose O'Brian,12562.0,657.0759,268,38,0.12773333333333334
Vivian Mathis,3891.0,656.9143,120,23,0.06583333333333334
Chloris Kastensmidt,10731.0,656.66174,318,42,0.22313978494623654
Ricardo Sperren,10308.0,651.7044,194,34,0.1272923076923077
Edward Becker,6201.0,636.5319999999999,175,25,0.15212765957446808
Lena Radford,9149.0,636.3761000000001,188,26,0.19210526315789472
Mark Cousins,9812.0,635.1869800000001,253,34,0.20080555555555557
Andy Reiter,3101.0,634.8617,85,23,0.12205882352941178
Lisa Hazard,6474.0,633.2089000000001,169,21,0.15858536585365854
Roland Murray,4914.0,632.97216,102,25,0.17977142857142855
Peter Bühler,6721.0,632.5887,147,19,0.17333333333333334
Ritsa Hightower,10209.0,631.9348,184,29,0.17178571428571426
Karen Seio,4004.0,629.4581800000001,143,24,0.07676190476190477
Sue Ann Reed,9967.0,625.10876,210,39,0.16068852459016392
Hunter Lopez,6028.0,623.51678,165,22,0.11981818181818182
Harold Ryan,7634.0,616.04976,125,23,0.15051162790697675
Peter McVee,7985.0,606.4747,136,28,0.09454545454545454
Darren Budd,4495.0,603.8459,79,13,0.09724137931034484
Lori Olson,10859.0,603.1798000000001,221,35,0.2168955223880597
Pauline Chand,4594.0,601.9577,144,22,0.1343181818181818
Scott Williamson,12345.0,601.8251999999999,240,37,0.19572307692307692
Valerie Dominguez,11391.0,598.3199000000001,217,30,0.20609375
Cari Schnelling,7879.0,598.2143199999999,145,30,0.1263859649122807
Zuschuss Carroll,10615.0,594.73716,276,37,0.2177297297297297
Jennifer Halladay,9663.0,591.3342,241,39,0.12961038961038962
Maureen Fritzler,9334.0,590.97784,184,32,0.14116981132075473
Odella Nelson,13706.0,588.0372400000001,240,38,0.1373888888888889
Emily Ducich,8350.0,587.2993,218,37,0.1662857142857143
Mary Zewe,12346.0,583.63114,254,34,0.17570270270270272
Darrin Sayre,9704.0,581.9434000000001,239,31,0.18333333333333332
Shaun Weien,6027.0,581.7829999999999,109,29,0.07525
Benjamin Venier,9011.0,578.8154,168,25,0.1701851851851852
Harold Pawlan,5971.0,578.7712,149,28,0.1569767441860465
Sarah Jordon,10343.0,576.5209799999999,276,41,0.1726578947368421
Troy Staebel,14061.0,574.5159000000001,291,35,0.14371794871794874
Aaron Smayling,9675.0,573.0985,198,31,0.16771929824561405
Frank Atkinson,11174.0,567.6337000000001,218,33,0.23450000000000001
Evan Bailliet,8006.0,565.6232,176,29,0.13127659574468084
Amy Cox,5895.0,564.0106999999999,123,23,0.1902941176470588
Patrick Bzostek,7980.0,557.18944,196,28,0.16037931034482758
Rachel Payne,7014.0,556.4661,214,32,0.18115942028985507
Tom Ashbrook,12268.0,542.73634,227,29,0.09374647887323943
Michael Dominguez,9165.0,539.40454,212,31,0.1267037037037037
Barry Blumstein,8718.0,537.9771000000001,206,37,0.1859016393442623
Meg O'Connel,7963.0,527.9555,191,33,0.11358490566037735
Cyma Kinney,10596.0,525.3842999999999,211,38,0.09031884057971015
Greg Maxwell,5032.0,524.5449,182,25,0.13474576271186442
Logan Haushalter,10072.0,522.688,215,37,0.1743478260869565
Sibella Parks,5935.0,520.6419999999999,137,23,0.1645714285714286
Matt Abelman,12447.0,519.90348,255,28,0.19234146341463415
Fred Wasserman,13400.0,514.226,223,33,0.15637681159420289
Caroline Jumper,9189.0,513.1105,194,28,0.15264150943396226
Ed Braxton,11743.0,512.1446,216,30,0.13548387096774195
Sarah Brown,12598.0,510.24641999999994,239,37,0.14397014925373136
Edward Hooks,12696.0,509.6488,290,38,0.18375
Kalyca Meade,6600.0,505.7923,166,21,0.12309523809523809
Susan Vittorini,12050.0,504.7214000000001,217,31,0.2380307692307692
Dorothy Wardle,11334.0,501.737,280,41,0.1389041095890411
Erin Ashbrook,9331.0,500.77512,229,34,0.1996
Jim Mitchum,13751.0,497.71905999999996,262,41,0.12906172839506175
Jonathan Howell,10772.0,492.7502,254,39,0.10410256410256409
Muhammed Yedwab,16091.0,488.46507999999994,302,39,0.1603232323232323
Gary Zandusky,14703.0,481.76890000000003,220,42,0.12361111111111112
Allen Goldenen,7395.0,481.375,175,23,0.20584615384615382
Tom Zandusky,12855.0,481.3344000000001,214,35,0.14233802816901409
Cynthia Arntzen,8123.0,475.3835,185,29,0.1675438596491228
Larry Hughes,4829.0,473.2979,167,26,0.21670833333333336
Adrian Shami,7193.0,471.9868,131,24,0.1678048780487805
Daniel Raglin,10212.0,467.92931999999996,245,38,0.17046753246753246
Adam Shillingsburg,9113.0,461.15432,216,36,0.17017910447761195
Michelle Arnett,6983.0,460.73474,176,32,0.1214909090909091
Phillip Flathmann,10198.0,459.00630000000007,206,36,0.1756060606060606
Russell Applegate,11685.0,457.03972,233,27,0.16845714285714286
Paul MacIntyre,5516.0,453.50819999999993,114,30,0.15827906976744185
Paul Knutson,7091.0,452.4905599999999,121,20,0.21452631578947368
Carl Jackson,8390.0,452.19996000000003,151,29,0.14286792452830188
Steve Chapman,13169.0,450.3616,259,36,0.2194626865671642
Vivek Gonzalez,8613.0,449.06729999999993,158,30,0.15
Aleksandra Gannaway,11152.0,448.6246,193,30,0.1630909090909091
Lena Cacioppo,8060.0,446.38825999999995,232,28,0.17503125
Mike Pelletier,15022.0,438.70390000000003,250,40,0.1481578947368421
Erin Creighton,4938.0,437.3927,170,25,0.1919298245614035
Natalie Webber,10940.0,432.51168,229,31,0.19327027027027027
Khloe Miller,7465.0,429.8762,206,31,0.17152542372881358
Matt Hagelstein,10042.0,421.77598,165,27,0.17544827586206896
Sharelle Roach,8601.0,416.14653999999996,196,24,0.21904
Damala Kotsonis,12685.0,415.7485,248,41,0.20207317073170733
Kelly Lampkin,10691.0,414.44190000000003,264,33,0.21710843373493977
Patrick Ryan,14330.0,409.1254200000001,283,34,0.2073888888888889
Roy Collins,5521.0,408.9037,163,26,0.11651162790697674
Guy Armstrong,7679.0,407.1774,204,28,0.18158730158730158
Victoria Wilson,10838.0,406.9337,219,33,0.1839344262295082
Darrin Martin,13179.0,405.40350000000007,257,36,0.13718750000000002
Corey Roper,11336.0,401.82468,235,35,0.17130555555555554
Jesus Ocampo,6690.0,400.47690000000006,171,28,0.15
Rob Haberlin,4989.0,392.39166,132,29,0.1236
Kean Takahito,12364.0,389.0694,298,39,0.20392405063291139
Jasper Cacioppo,10913.0,381.141,235,33,0.20898550724637682
Stewart Carmichael,15452.0,379.2216800000001,298,38,0.17685365853658538
Beth Paige,7386.0,377.51757999999995,166,33,0.19965384615384615
Denny Joy,7433.0,376.75364,185,28,0.12803636363636364
Meg Tillman,10164.0,375.2438,176,33,0.15678571428571428
Tony Molinari,11213.0,370.3479999999999,218,34,0.11802631578947369
Stephanie Ulpright,9199.0,368.1719,227,29,0.19999999999999998
Joni Wasserman,7947.0,365.5068,215,32,0.1960344827586207
Grant Thornton,7425.0,363.13374000000005,156,26,0.1793488372093023
Giulietta Dortch,11668.0,359.2701,177,30,0.18288461538461537
Fred McMath,5914.0,358.8715,133,26,0.23533333333333334
Arthur Gainer,11037.0,347.40586,250,32,0.1493142857142857
Becky Martin,12485.0,342.78860000000003,259,35,0.1724931506849315
Greg Matthias,10185.0,321.67494000000005,223,37,0.20099999999999998
Mick Crebagga,10662.0,321.1738,225,35,0.1424590163934426
Valerie Takahito,13231.0,317.4732,245,32,0.19376811594202897
MaryBeth Skach,9755.0,313.76315999999997,175,31,0.19908196721311475
Sean Wendt,4913.0,306.46513999999996,136,28,0.2289090909090909
Arthur Wiediger,4040.0,305.89096,141,25,0.188
Luke Weiss,7025.0,304.78354,184,28,0.13768627450980392
Bruce Stewart,14170.0,302.2351,236,33,0.135125
Jack Garza,10191.0,301.2438,187,28,0.17413793103448275
Clay Rozendal,3397.0,301.0235,122,22,0.17222222222222222
Paul Stevenson,11983.0,297.75371999999993,237,34,0.11352380952380953
Christopher Conant,9670.0,292.81450000000007,209,36,0.14112903225806453
Alyssa Tate,5777.0,290.6594,164,33,0.18786885245901638
Eileen Kiefer,4641.0,281.0058,114,22,0.14235294117647057
Stuart Calhoun,3583.0,277.6121,135,24,0.18655
Duane Benoit,6181.0,273.26234000000005,122,22,0.18983783783783784
Charles McCrossin,8838.0,271.26882,149,28,0.18121568627450982
Michael Granlund,5732.0,260.3461,194,29,0.23423728813559322
Ann Chong,12728.0,259.83278,255,36,0.1182962962962963
Jill Matthias,8666.0,259.1924000000001,183,28,0.11036363636363637
Seth Vernon,14904.0,257.11478000000005,284,36,0.164275
Brooke Gillingham,6650.0,251.63528,137,24,0.15330434782608696
Cassandra Brandow,10056.0,241.7109,214,28,0.1125
Allen Armold,5415.0,238.8594,166,30,0.16481481481481483
John Stevenson,8118.0,235.47390000000007,147,25,0.17076923076923078
Todd Boyes,7155.0,220.05,222,28,0.20923076923076922
Nora Pelletier,7973.0,218.419,203,33,0.12172881355932204
Jenna Caffey,10482.0,209.71632,227,32,0.15144444444444444
Skye Norling,9316.0,202.34449999999973,218,31,0.19846153846153847
Mary O'Rourke,8754.0,199.63189999999997,176,29,0.1837090909090909
Ann Blume,9005.0,196.3466999999999,209,26,0.10586206896551724
Michael Oakman,2830.0,195.41860000000003,72,15,0.14444444444444443
Robert Barroso,5072.0,194.73379999999997,139,25,0.17522727272727273
Michelle Huthwaite,10331.0,185.25609999999998,183,28,0.13229166666666667
Duane Noonan,12945.0,184.32649999999995,183,28,0.16169491525423726
Daniel Lacy,5986.0,181.5686,198,26,0.26429411764705885
Anthony O'Donnell,10810.0,170.48260000000013,217,30,0.13350877192982458
Charles Crestani,9125.0,169.7518,168,30,0.14157894736842105
Cindy Stewart,7217.0,148.34390000000008,141,23,0.082
Stephanie Phelps,5075.0,145.95274,149,28,0.23604761904761903
Patrick Jones,5180.0,141.4765,137,24,0.21395348837209302
Jocasta Rupert,7150.0,127.50775999999992,115,24,0.17505882352941177
Mike Gockenbach,6869.0,120.71239999999999,152,24,0.226
Phillip Breyer,14821.0,119.83799999999995,293,33,0.2509487179487179
Tiffany House,8477.0,119.20500000000004,169,34,0.1935483870967742
Katrina Bavinger,9220.0,112.38699999999996,229,31,0.24353846153846154
Elpida Rittenbach,10614.0,109.27819999999994,175,26,0.11538461538461539
Ryan Akin,8165.0,105.70879999999998,150,29,0.13941176470588235
Ivan Liston,7088.0,104.76815999999997,191,31,0.17336666666666664
Katherine Nockton,7114.0,102.97504,166,30,0.1479622641509434
Tim Taslimi,6959.0,85.43620000000003,144,28,0.12735849056603774
Juliana Krohn,12644.0,80.2563399999999,258,34,0.1624935064935065
Janet Martin,11424.0,72.92032000000003,225,28,0.16518750000000001
Bill Overfelt,5359.0,64.79270000000002,148,26,0.2720444444444444
Jim Epp,8791.0,62.7431,187,32,0.24737704918032788
Gary Hansen,10141.0,62.10197999999997,236,45,0.1423888888888889
Chad Sievert,9704.0,54.93089999999987,179,25,0.15956521739130433
Christina VanderZanden,6958.0,51.433479999999946,176,28,0.16748275862068968
Katrina Edelman,9114.0,50.84526,236,34,0.2058125
Michelle Moray,10124.0,30.022700000000043,205,33,0.171875
Maribeth Dona,11249.0,29.952320000000043,229,34,0.17324242424242423
Mark Hamilton,12103.0,27.362019999999994,192,36,0.14696774193548387
Sean Christensen,8096.0,17.114699999999957,226,32,0.24380281690140843
Rick Hansen,7622.0,16.68100000000002,199,29,0.1596078431372549
Joni Sundaresam,6809.0,11.973400000000069,145,28,0.25754716981132075
Sally Matthias,5530.0,9.244799999999977,150,29,0.125
Shaun Chance,7144.0,8.08456000000001,178,29,0.2637407407407407
Pete Takahito,10351.0,-5.094679999999997,175,29,0.1643265306122449
Pete Kriz,9828.0,-5.662700000000022,229,31,0.1778550724637681
Ken Lonsdale,12909.0,-6.196099999999969,251,32,0.20367088607594935
Brad Thomas,8630.0,-16.862060000000035,222,37,0.1652698412698413
Noel Staavos,14298.0,-17.44039999999999,305,44,0.20055555555555557
Carlos Soltero,11730.0,-19.75096000000005,212,36,0.2494242424242424
John Lucas,9383.0,-23.748000000000072,167,26,0.21428571428571427
Cindy Schnelling,8644.0,-25.260100000000076,185,32,0.19915254237288135
Maris LaWare,11649.0,-26.49719999999995,183,32,0.1810344827586207
Jim Radford,8504.0,-27.164900000000074,120,25,0.07767441860465116
Valerie Mitchum,8198.0,-35.38078000000003,186,37,0.15190625
Sean Miller,5643.0,-37.33394000000001,135,25,0.20027272727272727
Luke Foster,8308.0,-43.86370000000001,230,26,0.2267241379310345
Liz Pelletier,7214.0,-44.843799999999966,190,31,0.15923076923076923
George Bell,4978.0,-63.77590000000001,165,29,0.14814814814814814
Annie Zypern,8407.0,-65.23970000000006,199,28,0.19166666666666668
Alex Grayson,10459.0,-65.51112,240,35,0.21964864864864866
Dan Lawera,9815.0,-85.0599999999999,265,41,0.20301492537313434
Craig Carreira,9107.0,-86.69870000000006,199,34,0.17895384615384616
Irene Maddox,13490.0,-91.59158000000004,278,33,0.1540779220779221
Shahid Shariari,8934.0,-104.36911999999998,186,37,0.11438709677419355
Michelle Tran,9319.0,-106.16769999999998,224,31,0.20063492063492064
Tracy Collins,9811.0,-106.42289999999996,190,34,0.18314814814814817
Sung Pak,6189.0,-119.06989999999999,143,28,0.21666666666666667
Peter Fuller,8679.0,-123.98004000000006,218,34,0.13963636363636364
Edward Nazzal,5722.0,-126.76000000000002,144,28,0.20755555555555555
Pamela Stobb,10313.0,-130.64749999999987,226,30,0.19274193548387095
Susan Gilcrest,9345.0,-133.43824,179,28,0.1907857142857143
Rick Reed,13359.0,-138.17579999999995,254,34,0.19704225352112675
Emily Burns,4405.0,-143.14819999999997,102,23,0.2581818181818182
Frank Preis,6795.0,-143.4397,197,34,0.19461538461538463
Benjamin Farhat,8882.0,-146.08939999999993,208,31,0.13983050847457626
Craig Reiter,11638.0,-148.83864000000005,203,34,0.2806301369863014
Helen Abelman,14505.0,-149.58665999999997,224,28,0.2274
Mike Vittorini,9876.0,-154.02420000000004,194,36,0.13950877192982455
Adrian Barton,11358.0,-158.447,241,38,0.2191780821917808
Ben Peterman,9102.0,-170.8011800000001,210,37,0.2353913043478261
Rob Beeghly,7298.0,-187.94610000000006,228,29,0.19833333333333333
Tamara Dahlen,5000.0,-191.4694,172,28,0.21446428571428572
Georgia Rosenberg,9025.0,-195.43266,194,29,0.19203333333333333
Michael Stewart,8499.0,-211.6858,237,32,0.1756164383561644
Barry Französisch,8147.0,-223.36669999999995,175,29,0.2550344827586207
Dave Poirier,10095.0,-226.51670000000001,204,30,0.159
George Ashbrook,9991.0,-232.33418000000003,206,31,0.14825
Anthony Garverick,8554.0,-241.87150000000003,214,34,0.21446428571428572
Catherine Glotzbach,4116.0,-246.83939999999998,120,24,0.2991428571428571
Clay Ludtke,11884.0,-249.8031200000001,262,35,0.11083783783783784
Mike Kennedy,9686.0,-249.91340000000005,270,30,0.171375
Allen Rosenblatt,8041.0,-254.59702000000001,161,27,0.18820408163265306
Stuart Van,10550.0,-260.0836199999999,194,31,0.13235087719298244
Richard Bierner,9034.0,-267.6565800000001,203,34,0.2114375
Lindsay Castell,7835.0,-274.1435,158,27,0.2434782608695652
Julia Barnett,8625.0,-281.5112199999999,164,32,0.1795
Quincy Jones,6962.0,-290.0161,191,27,0.18714285714285714
Phillina Ober,9654.0,-296.3730199999999,230,29,0.2355
Guy Phonely,7189.0,-308.7203999999999,232,32,0.1608695652173913
Tanja Norvell,7268.0,-332.98736,168,31,0.1735686274509804
Nora Preis,8139.0,-346.2092,220,32,0.21086206896551724
Ann Steele,5378.0,-356.0466,154,30,0.2507407407407407
Tony Sayre,10420.0,-409.73180000000013,191,29,0.22740983606557377
Darrin Van Huff,12261.0,-415.7858,251,36,0.26255172413793104
Emily Grady,11297.0,-425.0127200000001,182,30,0.15939285714285714
David Flashing,8507.0,-433.8746000000001,160,21,0.2212
Linda Southworth,11561.0,-449.56893999999994,198,32,0.24506451612903224
Sarah Foster,9186.0,-461.59680000000003,234,35,0.13797101449275362
Benjamin Patterson,10728.0,-484.59539999999987,185,30,0.17048387096774195
Roy Phan,11469.0,-514.8472999999999,245,32,0.19742857142857143
Joy Daniels,7019.0,-524.5502,202,31,0.225625
Joy Smith,10253.0,-533.03762,219,34,0.21765079365079365
Andy Gerbode,6271.0,-534.8243,111,25,0.20365853658536584
Resi Pölking,13012.0,-541.6103,275,39,0.1622093023255814
Christopher Martinez,9453.0,-542.02348,169,29,0.1896862745098039
Pauline Johnson,7975.0,-551.85184,196,30,0.2603548387096774
Candace McMahon,7203.0,-555.2436,143,26,0.19452380952380952
Sung Shariari,5331.0,-559.9772,150,25,0.24590697674418605
Don Weiss,10349.0,-560.1107999999999,198,23,0.22033898305084745
Jack Lebron,11431.0,-597.85246,266,40,0.16142499999999999
Pamela Coakley,9296.0,-602.43356,149,25,0.1611304347826087
Anna Chung,7695.0,-618.44732,148,24,0.1879047619047619
Charlotte Melton,9873.0,-636.91248,204,29,0.13137037037037036
Vicky Freymann,5549.0,-639.3670000000001,155,25,0.1388888888888889
Herbert Flentye,11813.0,-653.1279,241,36,0.1716883116883117
Maureen Gastineau,10645.0,-677.5840999999999,242,35,0.2638157894736842
Lena Creighton,13123.0,-683.8389,228,37,0.1546969696969697
Michael Kennedy,10640.0,-690.4542000000001,280,41,0.23591549295774647
Jay Fein,8673.0,-697.403,201,31,0.2403225806451613
Michael Grace,7870.0,-703.0172799999999,187,32,0.166
David Philippe,13077.0,-714.45948,228,29,0.1974920634920635
Alan Haines,10554.0,-726.39796,237,33,0.18989189189189187
Karen Daniels,12542.0,-730.4684999999998,221,28,0.1288135593220339
Nicole Brennan,3465.0,-744.9358,84,16,0.28110344827586203
Corinna Mitchell,6232.0,-796.9392199999999,134,29,0.26657142857142857
Bobby Trafton,6427.0,-809.6436000000001,157,31,0.2737254901960784
Kean Thornton,6562.0,-857.9152,118,26,0.20477272727272727
Jill Stevenson,6090.0,-901.0478,143,24,0.2774468085106383
Aaron Hawkins,9171.0,-909.8809600000001,200,29,0.18024
Denise Monton,9014.0,-920.0858000000001,197,30,0.19769230769230767
Sean Braxton,7849.0,-933.9019000000001,180,25,0.22854166666666664
Bruce Geld,7612.0,-964.5216000000001,168,28,0.12596153846153846
Cari Sayre,7639.0,-982.7918000000001,175,32,0.25311475409836065
John Dryer,8025.0,-988.2417399999999,154,27,0.22704347826086954
Darren Powers,12940.0,-1213.8112,261,40,0.220625
Neola Schneider,11563.0,-1217.0057000000002,279,30,0.2308219178082192
Sample Company A,13118.0,-1242.77348,293,37,0.1822528735632184
Mitch Willingham,11373.0,-1455.5114999999998,201,29,0.1785483870967742
Maureen Gnade,10243.0,-1466.8524,262,32,0.20528571428571427
Tracy Zic,6412.0,-1623.9815,152,23,0.22978260869565217
Barry Franz,13437.0,-1713.61744,205,26,0.1889846153846154
Ralph Kennedy,9269.0,-1744.13342,190,30,0.15504918032786885
David Bremer,4726.0,-1805.99958,107,20,0.20157575757575757
