discount,total_sales,total_profit,average_profit,order_count
0.0,4278398.0,1072580.9163,38.92367964508637,14824
0.002,174236.0,39232.35124,99.32240820253165,376
0.07,53214.0,9792.8781,88.22412702702702,104
0.1,885818.0,140779.3015,38.130905065005415,2287
0.15,161983.0,12700.8682,28.09926592920354,402
0.17,124871.0,13847.550299999999,20.575854829123326,479
0.2,760530.0,68225.7634,14.34218276224511,3239
0.202,14999.0,-379.23071999999996,-9.480768,38
0.25,51831.0,-137.96999999999997,-0.7839204545454543,141
0.27,70615.0,-983.0975999999999,-2.6215935999999997,321
0.3,105515.0,-12514.0218,-42.5647,278
0.32,8492.0,-1570.2289,-68.27082173913044,23
0.35,44159.0,-6078.1215,-66.79254395604396,84
0.37,24960.0,-4911.9837,-71.1881695652174,60
0.4,425646.0,-114330.6665,-36.904669625564885,1831
0.402,32529.0,-11143.55928,-108.1898959223301,99
0.45,31765.0,-13102.2841,-40.19105552147239,214
0.47,59980.0,-26274.5847,-36.95440886075949,518
0.5,221493.0,-111085.3837,-69.90898911264946,898
0.55,5262.0,-2174.172,-241.57466666666667,9
0.57,5240.0,-3823.959,-382.3959,10
0.6,158412.0,-138952.0272,-69.89538591549297,1061
0.602,4977.0,-4905.41896,-213.2790852173913,21
0.65,4756.0,-4918.9095,-307.43184375,15
0.7,112157.0,-156609.4076,-88.47989129943502,1028
0.8,12493.0,-25464.6595,-82.14406290322582,262
0.85,797.0,-3068.658,-1534.329,2
