month,total_sales,total_profit,total_quantity
2011-01,64363.0,3857.14052,1354
2011-02,60848.0,5126.20778,1127
2011-03,78983.0,7394.5803,1668
2011-04,80698.0,6719.46738,1898
2011-05,91536.0,5133.884,1816
2011-06,142526.0,9528.76554,2886
2011-07,75412.0,4070.5718199999997,1656
2011-08,132065.0,13841.75724,2790
2011-09,153992.0,14391.33644,3340
2011-10,122853.0,11661.537479999999,2465
2011-11,175221.0,15734.90322,3688
2011-12,199654.0,14907.18194,4075
2012-01,81584.0,9937.55214,1649
2012-02,64671.0,6898.80518,1374
2012-03,100896.0,6166.12396,2032
2012-04,102668.0,8711.06908,2062
2012-05,133087.0,13679.78238,2691
2012-06,173758.0,15595.17526,3445
2012-07,98307.0,8513.962880000001,2143
2012-08,167188.0,17266.86568,3397
2012-09,180593.0,16729.12358,3827
2012-10,155952.0,15433.71902,3265
2012-11,225179.0,19298.22148,4858
2012-12,197616.0,19736.3463,4156
2013-01,100754.0,8957.65098,2092
2013-02,94149.0,9285.743699999999,1874
2013-03,125709.0,11624.43536,2489
2013-04,118212.0,9960.48244,2524
2013-05,152534.0,10936.77826,3458
2013-06,232624.0,22259.67294,4814
2013-07,155678.0,14505.41548,3024
2013-08,209172.0,19273.71806,4509
2013-09,253211.0,22930.11718,5387
2013-10,169227.0,14028.592920000001,3540
2013-11,239563.0,27409.3987,5130
2013-12,256188.0,23181.15276,5200
2014-01,139080.0,15789.11546,2824
2014-02,120322.0,6937.5387200000005,2268
2014-03,160887.0,15913.12892,3438
2014-04,154016.0,13536.3622,3308
2014-05,185021.0,15921.59134,3928
2014-06,258276.0,23907.90904,5500
2014-07,158948.0,15040.6402,3303
2014-08,276557.0,30877.27618,5262
2014-09,305570.0,34563.28974,6262
2014-10,257664.0,23732.395800000002,5348
2014-11,348457.0,31247.91122,7077
2014-12,303659.0,22576.886580000002,6821
