customer_name,recency,frequency,monetary,R_score,F_score,M_score,RFM_score,segment
Aaron Bergman,17,37,13814.0,3,5,5,355,Loyal Customers
Aaron Hawkins,13,29,9171.0,4,2,3,423,Potential Customers
Aaron Smayling,24,31,9675.0,2,3,3,233,At Risk
Adam Bellavance,43,39,7469.0,1,5,1,151,At Risk
Adam Hart,31,40,14637.0,2,5,5,255,At Risk
Adam Shillingsburg,16,36,9113.0,3,4,2,342,Loyal Customers
Adrian Barton,28,38,11358.0,2,5,4,254,At Risk
Adrian Hane,22,26,9173.0,3,1,3,313,Needs Attention
Adrian Shami,42,24,7193.0,1,1,1,111,Needs Attention
Aimee Bixby,36,26,5838.0,2,1,1,211,Needs Attention
Alan Barnes,14,35,9252.0,3,4,3,343,Loyal Customers
Alan Dominguez,6,30,9010.0,5,2,2,522,Potential Customers
Alan Haines,50,33,10554.0,1,3,4,134,At Risk
Alan Hwang,8,35,13381.0,4,4,5,445,High Value
Alan Schoenberger,3,34,10308.0,5,4,3,543,Loyal Customers
Alan Shonely,13,35,9225.0,4,4,3,443,Loyal Customers
Alejandro Ballentine,6,39,10476.0,5,5,4,554,High Value
Alejandro Grove,14,33,9101.0,3,3,2,332,Needs Attention
Alejandro Savely,19,38,11085.0,3,5,4,354,Loyal Customers
Aleksandra Gannaway,3,30,11152.0,5,2,4,524,Potential Customers
Alex Avila,3,25,9350.0,5,1,3,513,Potential Customers
Alex Grayson,3,35,10459.0,5,4,4,544,High Value
Alex Russell,30,35,11892.0,2,4,4,244,At Risk
Alice McCarthy,16,38,10769.0,3,5,4,354,Loyal Customers
Allen Armold,7,30,5415.0,4,2,1,421,Potential Customers
Allen Goldenen,113,23,7395.0,1,1,1,111,Needs Attention
Allen Rosenblatt,55,27,8041.0,1,1,2,112,Needs Attention
Alyssa Crouse,7,33,6380.0,4,3,1,431,Potential Customers
Alyssa Tate,17,33,5777.0,3,3,1,331,Needs Attention
Amy Cox,6,23,5895.0,5,1,1,511,Potential Customers
Amy Hunt,71,24,4959.0,1,1,1,111,Needs Attention
Andrew Allen,126,19,5684.0,1,1,1,111,Needs Attention
Andrew Gjertsen,49,40,10818.0,1,5,4,154,At Risk
Andrew Roberts,15,38,9975.0,3,5,3,353,Loyal Customers
Andy Gerbode,13,25,6271.0,4,1,1,411,Potential Customers
Andy Reiter,7,23,3101.0,4,1,1,411,Potential Customers
Andy Yotov,15,26,6650.0,3,1,1,311,Needs Attention
Anemone Ratner,3,26,8401.0,5,1,2,512,Potential Customers
Angele Hood,22,30,7151.0,3,2,1,321,Needs Attention
Ann Blume,8,26,9005.0,4,1,2,412,Potential Customers
Ann Chong,7,36,12728.0,4,4,5,445,High Value
Ann Steele,34,30,5378.0,2,2,1,221,Needs Attention
Anna Andreadi,29,46,13078.0,2,5,5,255,At Risk
Anna Chung,3,24,7695.0,5,1,2,512,Potential Customers
Anna Gayman,48,31,11788.0,1,3,4,134,At Risk
Anna Häberlin,31,35,12185.0,2,4,5,245,At Risk
Anne McFarland,26,35,11732.0,2,4,4,244,At Risk
Anne Pryor,38,25,9139.0,2,1,3,213,Needs Attention
Annie Thurman,3,33,7525.0,5,3,1,531,Potential Customers
Annie Zypern,27,28,8407.0,2,2,2,222,Needs Attention
Anthony Garverick,29,34,8554.0,2,4,2,242,At Risk
Anthony Jacobs,2,35,9972.0,5,4,3,543,Loyal Customers
Anthony Johnson,37,32,10031.0,2,3,3,233,At Risk
Anthony O'Donnell,8,30,10810.0,4,2,4,424,Potential Customers
Anthony Rawles,23,43,9777.0,3,5,3,353,Loyal Customers
Anthony Witt,17,32,9539.0,3,3,3,333,Needs Attention
Arianne Irving,14,25,6371.0,3,1,1,311,Needs Attention
Art Ferguson,6,43,14159.0,5,5,5,555,High Value
Art Foster,54,37,11594.0,1,5,4,154,At Risk
Arthur Gainer,24,32,11037.0,2,3,4,234,At Risk
Arthur Prichep,77,37,14363.0,1,5,5,155,At Risk
Arthur Wiediger,36,25,4040.0,2,1,1,211,Needs Attention
Ashley Jarboe,29,34,8663.0,2,4,2,242,At Risk
Astrea Jones,49,27,10714.0,1,1,4,114,Needs Attention
Barbara Fisher,23,30,6942.0,3,2,1,321,Needs Attention
Barry Blumstein,15,37,8718.0,3,5,2,352,Loyal Customers
Barry Franz,9,26,13437.0,4,1,5,415,Potential Customers
Barry Französisch,16,29,8147.0,3,2,2,322,Needs Attention
Barry Gonzalez,29,32,11019.0,2,3,4,234,At Risk
Barry Pond,6,30,10389.0,5,2,4,524,Potential Customers
Barry Weirich,23,22,10017.0,3,1,3,313,Needs Attention
Bart Folk,26,26,9707.0,2,1,3,213,Needs Attention
Bart Pistole,3,38,10087.0,5,5,3,553,Loyal Customers
Bart Watters,55,44,15292.0,1,5,5,155,At Risk
Becky Castell,30,34,13269.0,2,4,5,245,At Risk
Becky Martin,9,35,12485.0,4,4,5,445,High Value
Becky Pak,33,30,8264.0,2,2,2,222,Needs Attention
Ben Ferrer,17,37,16661.0,3,5,5,355,Loyal Customers
Ben Peterman,2,37,9102.0,5,5,2,552,Loyal Customers
Ben Wallace,41,33,14965.0,1,3,5,135,At Risk
Benjamin Farhat,66,31,8882.0,1,3,2,132,At Risk
Benjamin Patterson,40,30,10728.0,1,2,4,124,Needs Attention
Benjamin Venier,45,25,9011.0,1,1,2,112,Needs Attention
Berenike Kampe,27,33,8550.0,2,3,2,232,At Risk
Beth Fritzler,7,30,9530.0,4,2,3,423,Potential Customers
Beth Paige,13,33,7386.0,4,3,1,431,Potential Customers
Beth Thompson,29,34,9111.0,2,4,2,242,At Risk
Bill Donatelli,6,35,8709.0,5,4,2,542,Loyal Customers
Bill Eplett,36,41,14120.0,2,5,5,255,At Risk
Bill Overfelt,22,26,5359.0,3,1,1,311,Needs Attention
Bill Shonely,1,31,12008.0,5,3,4,534,Potential Customers
Bill Stewart,29,28,12568.0,2,2,5,225,Needs Attention
Bill Tyler,29,27,4896.0,2,1,1,211,Needs Attention
Bobby Elias,22,36,10746.0,3,4,4,344,Loyal Customers
Bobby Odegard,6,28,7652.0,5,2,2,522,Potential Customers
Bobby Trafton,52,31,6427.0,1,3,1,131,At Risk
Brad Eason,4,29,12314.0,5,2,5,525,Potential Customers
Brad Norvell,12,36,13688.0,4,4,5,445,High Value
Brad Thomas,31,37,8630.0,2,5,2,252,At Risk
Bradley Drucker,20,29,7902.0,3,2,2,322,Needs Attention
Bradley Nguyen,10,31,8971.0,4,3,2,432,Potential Customers
Bradley Talbott,44,31,8614.0,1,3,2,132,At Risk
Brenda Bowman,29,30,6738.0,2,2,1,221,Needs Attention
Brendan Dodson,8,22,6164.0,4,1,1,411,Potential Customers
Brendan Murry,35,33,6514.0,2,3,1,231,At Risk
Brendan Sweed,36,27,8457.0,2,1,2,212,Needs Attention
Brian Dahlen,98,24,6907.0,1,1,1,111,Needs Attention
Brian DeCherney,50,36,9659.0,1,4,3,143,At Risk
Brian Derr,10,34,10173.0,4,4,3,443,Loyal Customers
Brian Moss,34,32,13098.0,2,3,5,235,At Risk
Brian Stugart,30,31,10107.0,2,3,3,233,At Risk
Brian Thompson,19,26,10650.0,3,1,4,314,Needs Attention
Brooke Gillingham,10,24,6650.0,4,1,1,411,Potential Customers
Brosina Hoffman,24,38,13821.0,2,5,5,255,At Risk
Bruce Degenhardt,5,42,14082.0,5,5,5,555,High Value
Bruce Geld,7,28,7612.0,4,2,1,421,Potential Customers
Bruce Stewart,2,33,14170.0,5,3,5,535,Potential Customers
Bryan Davis,36,30,8387.0,2,2,2,222,Needs Attention
Bryan Mills,3,43,13819.0,5,5,5,555,High Value
Bryan Spruell,10,30,9980.0,4,2,3,423,Potential Customers
Candace McMahon,41,26,7203.0,1,1,1,111,Needs Attention
Cari MacIntyre,7,37,13878.0,4,5,5,455,High Value
Cari Sayre,16,32,7639.0,3,3,2,332,Needs Attention
Cari Schnelling,51,30,7879.0,1,2,2,122,Needs Attention
Carl Jackson,14,29,8390.0,3,2,2,322,Needs Attention
Carl Ludwig,14,37,6977.0,3,5,1,351,Loyal Customers
Carl Weiss,9,28,9095.0,4,2,2,422,Potential Customers
Carlos Daly,3,30,9764.0,5,2,3,523,Potential Customers
Carlos Meador,37,24,6894.0,2,1,1,211,Needs Attention
Carlos Soltero,26,36,11730.0,2,4,4,244,At Risk
Carol Adams,19,31,7633.0,3,3,2,332,Needs Attention
Carol Darley,2,30,10376.0,5,2,4,524,Potential Customers
Carol Triggs,29,28,8828.0,2,2,2,222,Needs Attention
Caroline Jumper,34,28,9189.0,2,2,3,223,Needs Attention
Cassandra Brandow,10,28,10056.0,4,2,3,423,Potential Customers
Catherine Glotzbach,22,24,4116.0,3,1,1,311,Needs Attention
Cathy Armstrong,14,24,10200.0,3,1,3,313,Needs Attention
Cathy Hwang,90,26,10657.0,1,1,4,114,Needs Attention
Cathy Prescott,70,31,9526.0,1,3,3,133,At Risk
Chad Cunningham,52,29,10380.0,1,2,4,124,Needs Attention
Chad McGuire,9,21,8871.0,4,1,2,412,Potential Customers
Chad Sievert,12,25,9704.0,4,1,3,413,Potential Customers
Charles Crestani,83,30,9125.0,1,2,2,122,Needs Attention
Charles McCrossin,27,28,8838.0,2,2,2,222,Needs Attention
Charles Sheldon,58,33,10215.0,1,3,3,133,At Risk
Charlotte Melton,1,29,9873.0,5,2,3,523,Potential Customers
Chloris Kastensmidt,5,42,10731.0,5,5,4,554,High Value
Chris Cortes,21,44,10366.0,3,5,3,353,Loyal Customers
Chris McAfee,43,26,5845.0,1,1,1,111,Needs Attention
Chris Selesnick,3,34,14418.0,5,4,5,545,High Value
Christina Anderson,35,37,12580.0,2,5,5,255,At Risk
Christina DeMoss,13,31,10360.0,4,3,3,433,Potential Customers
Christina VanderZanden,52,28,6958.0,1,2,1,121,Needs Attention
Christine Abelman,14,26,6178.0,3,1,1,311,Needs Attention
Christine Kargatis,1,34,9082.0,5,4,2,542,Loyal Customers
Christine Phan,9,33,15645.0,4,3,5,435,Potential Customers
Christine Sundaresam,7,40,9433.0,4,5,3,453,Loyal Customers
Christopher Conant,7,36,9670.0,4,4,3,443,Loyal Customers
Christopher Martinez,38,29,9453.0,2,2,3,223,Needs Attention
Christopher Schild,2,28,11296.0,5,2,4,524,Potential Customers
Christy Brittain,27,25,9954.0,2,1,3,213,Needs Attention
Chuck Clark,1,30,12641.0,5,2,5,525,Potential Customers
Chuck Magee,16,28,8097.0,3,2,2,322,Needs Attention
Chuck Sachs,7,31,13829.0,4,3,5,435,Potential Customers
Cindy Chapman,17,35,11694.0,3,4,4,344,Loyal Customers
Cindy Schnelling,3,32,8644.0,5,3,2,532,Potential Customers
Cindy Stewart,28,23,7217.0,2,1,1,211,Needs Attention
Claire Gute,29,25,11092.0,2,1,4,214,Needs Attention
Claudia Bergmann,8,29,10863.0,4,2,4,424,Potential Customers
Clay Cheatham,28,30,8317.0,2,3,2,232,At Risk
Clay Ludtke,6,35,11884.0,5,4,4,544,High Value
Clay Rozendal,23,22,3397.0,3,1,1,311,Needs Attention
Clytie Kelty,44,36,13344.0,1,4,5,145,At Risk
Corey Catlett,17,32,9301.0,3,3,3,333,Needs Attention
Corey Roper,44,35,11336.0,1,4,4,144,At Risk
Corey-Lock,5,30,13049.0,5,3,5,535,Potential Customers
Corinna Mitchell,28,29,6232.0,2,2,1,221,Needs Attention
Craig Carreira,17,34,9107.0,3,4,2,342,Loyal Customers
Craig Carroll,55,23,10409.0,1,1,4,114,Needs Attention
Craig Leslie,9,34,10081.0,4,4,3,443,Loyal Customers
Craig Molinari,42,26,8322.0,1,1,2,112,Needs Attention
Craig Reiter,6,34,11638.0,5,4,4,544,High Value
Craig Yedwab,61,35,11854.0,1,4,4,144,At Risk
Cyma Kinney,38,38,10596.0,2,5,4,254,At Risk
Cynthia Arntzen,94,29,8123.0,1,2,2,122,Needs Attention
Cynthia Delaney,77,32,10428.0,1,3,4,134,At Risk
Cynthia Voltz,5,25,8918.0,5,1,2,512,Potential Customers
Cyra Reiten,56,32,8959.0,1,3,2,132,At Risk
Damala Kotsonis,22,41,12685.0,3,5,5,355,Loyal Customers
Dan Campbell,35,38,10066.0,2,5,3,253,At Risk
Dan Lawera,58,41,9815.0,1,5,3,153,At Risk
Dan Reichenbach,4,40,16705.0,5,5,5,555,High Value
Dana Kaydos,46,28,12776.0,1,2,5,125,Needs Attention
Daniel Byrd,3,34,11267.0,5,4,4,544,High Value
Daniel Lacy,38,26,5986.0,2,1,1,211,Needs Attention
Daniel Raglin,28,38,10212.0,2,5,3,253,At Risk
Dario Medina,13,41,14285.0,4,5,5,455,High Value
Darren Budd,58,13,4495.0,1,1,1,111,Needs Attention
Darren Koutras,2,34,9820.0,5,4,3,543,Loyal Customers
Darren Powers,15,40,12940.0,3,5,5,355,Loyal Customers
Darrin Martin,3,36,13179.0,5,4,5,545,High Value
Darrin Sayre,49,31,9704.0,1,3,3,133,At Risk
Darrin Van Huff,20,36,12261.0,3,4,5,345,Loyal Customers
Dave Brooks,9,32,10008.0,4,3,3,433,Potential Customers
Dave Hallsten,76,35,13007.0,1,4,5,145,At Risk
Dave Kipp,9,38,10483.0,4,5,4,454,High Value
Dave Poirier,7,30,10095.0,4,3,3,433,Potential Customers
David Bremer,6,20,4726.0,5,1,1,511,Potential Customers
David Flashing,10,21,8507.0,4,1,2,412,Potential Customers
David Kendrick,11,35,8426.0,4,4,2,442,Loyal Customers
David Philippe,8,29,13077.0,4,2,5,425,Potential Customers
David Smith,15,33,9335.0,3,3,3,333,Needs Attention
David Wiener,7,29,8743.0,4,2,2,422,Potential Customers
Dean Braden,8,34,11100.0,4,4,4,444,High Value
Dean Katz,2,36,9356.0,5,4,3,543,Loyal Customers
Dean percer,19,35,11438.0,3,4,4,344,Loyal Customers
Deanra Eno,20,29,8478.0,3,2,2,322,Needs Attention
Deborah Brumfield,10,27,9378.0,4,1,3,413,Potential Customers
Debra Catini,19,26,10165.0,3,1,3,313,Needs Attention
Deirdre Greer,15,33,11115.0,3,3,4,334,Needs Attention
Delfina Latchford,19,31,10868.0,3,3,4,334,Needs Attention
Denise Leinenbach,13,37,11587.0,4,5,4,454,High Value
Denise Monton,3,30,9014.0,5,3,2,532,Potential Customers
Dennis Bolton,48,30,8476.0,1,3,2,132,At Risk
Dennis Kane,5,35,12194.0,5,4,5,545,High Value
Dennis Pardue,1,33,7125.0,5,3,1,531,Potential Customers
Denny Blanton,29,28,8565.0,2,2,2,222,Needs Attention
Denny Joy,2,28,7433.0,5,2,1,521,Potential Customers
Denny Ordway,37,40,8332.0,2,5,2,252,At Risk
Dianna Arnett,14,28,9873.0,3,2,3,323,Needs Attention
Dianna Vittorini,14,24,9441.0,3,1,3,313,Needs Attention
Dianna Wilson,56,34,13900.0,1,4,5,145,At Risk
Dionis Lloyd,23,29,10285.0,3,2,3,323,Needs Attention
Don Jones,7,35,11795.0,4,4,4,444,High Value
Don Miller,36,25,8960.0,2,1,2,212,Needs Attention
Don Weiss,34,23,10349.0,2,1,3,213,Needs Attention
Dorothy Badders,6,25,10384.0,5,1,4,514,Potential Customers
Dorothy Dickinson,42,32,9968.0,1,3,3,133,At Risk
Dorothy Wardle,6,41,11334.0,5,5,4,554,High Value
Dorris liebe,6,29,8905.0,5,2,2,522,Potential Customers
Doug Bickford,28,31,8249.0,2,3,2,232,At Risk
Doug Jacobs,13,33,9116.0,4,3,2,432,Potential Customers
Doug O'Connell,27,30,11664.0,2,3,4,234,At Risk
Duane Benoit,13,22,6181.0,4,1,1,411,Potential Customers
Duane Huffman,21,27,6637.0,3,1,1,311,Needs Attention
Duane Noonan,13,28,12945.0,4,2,5,425,Potential Customers
Ed Braxton,49,30,11743.0,1,3,4,134,At Risk
Ed Jacobs,50,30,7599.0,1,3,1,131,At Risk
Ed Ludwig,27,33,11574.0,2,3,4,234,At Risk
Edward Becker,33,25,6201.0,2,1,1,211,Needs Attention
Edward Hooks,3,38,12696.0,5,5,5,555,High Value
Edward Nazzal,15,28,5722.0,3,2,1,321,Needs Attention
Eileen Kiefer,45,22,4641.0,1,1,1,111,Needs Attention
Eleni McCrary,59,28,6162.0,1,2,1,121,Needs Attention
Elizabeth Moffitt,56,32,10397.0,1,3,4,134,At Risk
Ellis Ballard,3,30,10373.0,5,3,4,534,Potential Customers
Elpida Rittenbach,54,26,10614.0,1,1,4,114,Needs Attention
Emily Burns,16,23,4405.0,3,1,1,311,Needs Attention
Emily Ducich,16,37,8350.0,3,5,2,352,Loyal Customers
Emily Grady,23,30,11297.0,3,3,4,334,Needs Attention
Emily Phan,13,34,12544.0,4,4,5,445,High Value
Eric Barreto,8,27,6356.0,4,1,1,411,Potential Customers
Eric Hoffmann,58,35,9161.0,1,4,3,143,At Risk
Eric Murdock,17,43,19489.0,3,5,5,355,Loyal Customers
Erica Bern,1,40,10188.0,5,5,3,553,Loyal Customers
Erica Hackney,34,32,9481.0,2,3,3,233,At Risk
Erica Hernandez,3,34,9431.0,5,4,3,543,Loyal Customers
Erica Smith,1,39,9886.0,5,5,3,553,Loyal Customers
Erin Ashbrook,94,34,9331.0,1,4,3,143,At Risk
Erin Creighton,54,25,4938.0,1,1,1,111,Needs Attention
Erin Mull,17,26,8133.0,3,1,2,312,Needs Attention
Erin Smith,29,32,11456.0,2,3,4,234,At Risk
Eudokia Martin,9,26,12169.0,4,1,5,415,Potential Customers
Eugene Barchas,21,34,9172.0,3,4,3,343,Loyal Customers
Eugene Hildebrand,23,42,13510.0,3,5,5,355,Loyal Customers
Eugene Moren,47,34,15663.0,1,4,5,145,At Risk
Eva Jacobs,23,28,10108.0,3,2,3,323,Needs Attention
Evan Bailliet,20,29,8006.0,3,2,2,322,Needs Attention
Evan Henry,68,36,10283.0,1,4,3,143,At Risk
Evan Minnotte,42,26,11421.0,1,1,4,114,Needs Attention
Filia McAdams,8,32,9201.0,4,3,3,433,Potential Customers
Frank Atkinson,23,33,11174.0,3,3,4,334,Needs Attention
Frank Carlisle,43,28,7390.0,1,2,1,121,Needs Attention
Frank Gastineau,35,27,7316.0,2,1,1,211,Needs Attention
Frank Hawley,5,27,9979.0,5,1,3,513,Potential Customers
Frank Merwin,3,38,8901.0,5,5,2,552,Loyal Customers
Frank Olsen,23,45,13157.0,3,5,5,355,Loyal Customers
Frank Preis,24,34,6795.0,2,4,1,241,At Risk
Fred Chung,108,27,5129.0,1,1,1,111,Needs Attention
Fred Harton,2,22,7273.0,5,1,1,511,Potential Customers
Fred Hopkins,2,38,11989.0,5,5,4,554,High Value
Fred McMath,2,26,5914.0,5,1,1,511,Potential Customers
Fred Wasserman,1,33,13400.0,5,3,5,535,Potential Customers
Gary Hansen,21,45,10141.0,3,5,3,353,Loyal Customers
Gary Hwang,19,41,15174.0,3,5,5,355,Loyal Customers
Gary McGarr,2,33,8154.0,5,4,2,542,Loyal Customers
Gary Mitchum,17,21,8941.0,3,1,2,312,Needs Attention
Gary Zandusky,8,42,14703.0,4,5,5,455,High Value
Gene Hale,52,25,7842.0,1,1,2,112,Needs Attention
Gene McClure,105,26,5892.0,1,1,1,111,Needs Attention
George Ashbrook,23,31,9991.0,3,3,3,333,Needs Attention
George Bell,34,29,4978.0,2,2,1,221,Needs Attention
George Zrebassa,31,30,8791.0,2,3,2,232,At Risk
Georgia Rosenberg,50,29,9025.0,1,2,2,122,Needs Attention
Giulietta Baptist,14,30,10880.0,3,3,4,334,Needs Attention
Giulietta Dortch,6,30,11668.0,5,3,4,534,Potential Customers
Giulietta Weimer,15,32,9861.0,3,3,3,333,Needs Attention
Grace Kelly,13,27,8841.0,4,1,2,412,Potential Customers
Grant Thornton,10,26,7425.0,4,1,1,411,Potential Customers
Greg Guthrie,34,33,10703.0,2,4,4,244,At Risk
Greg Hansen,2,38,12701.0,5,5,5,555,High Value
Greg Matthias,2,37,10185.0,5,5,3,553,Loyal Customers
Greg Maxwell,48,25,5032.0,1,1,1,111,Needs Attention
Greg Tran,9,33,11550.0,4,4,4,444,High Value
Guy Armstrong,3,28,7679.0,5,2,2,522,Potential Customers
Guy Phonely,2,32,7189.0,5,3,1,531,Potential Customers
Guy Thornton,1,31,7944.0,5,3,2,532,Potential Customers
Hallie Redmond,14,26,7961.0,3,1,2,312,Needs Attention
Harold Dahlen,43,35,10950.0,1,4,4,144,At Risk
Harold Engle,7,35,9393.0,4,4,3,443,Loyal Customers
Harold Pawlan,31,28,5971.0,2,2,1,221,Needs Attention
Harold Ryan,52,23,7634.0,1,1,2,112,Needs Attention
Harry Greene,13,39,13321.0,4,5,5,455,High Value
Harry Marie,2,40,13890.0,5,5,5,555,High Value
Heather Jas,6,37,8907.0,5,5,2,552,Loyal Customers
Heather Kirkland,44,33,13141.0,1,4,5,145,At Risk
Helen Abelman,14,28,14505.0,3,2,5,325,Needs Attention
Helen Andreada,21,31,7069.0,3,3,1,331,Needs Attention
Helen Wasserman,35,35,11534.0,2,4,4,244,At Risk
Henia Zydlo,36,27,8556.0,2,1,2,212,Needs Attention
Henry Goldwyn,57,36,8960.0,1,4,2,142,At Risk
Henry MacAllister,26,33,10575.0,2,4,4,244,At Risk
Herbert Flentye,15,36,11813.0,3,4,4,344,Loyal Customers
Hilary Holden,55,27,12634.0,1,1,5,115,Needs Attention
Hunter Glantz,7,35,10186.0,4,4,3,443,Loyal Customers
Hunter Lopez,31,22,6028.0,2,1,1,211,Needs Attention
Ionia McGrath,16,22,5019.0,3,1,1,311,Needs Attention
Irene Maddox,41,33,13490.0,1,4,5,145,At Risk
Ivan Gibson,2,35,11833.0,5,4,4,544,High Value
Ivan Liston,117,31,7088.0,1,3,1,131,At Risk
Jack Garza,6,28,10191.0,5,2,3,523,Potential Customers
Jack Lebron,9,40,11431.0,4,5,4,454,High Value
Jack O'Briant,6,29,9355.0,5,2,3,523,Potential Customers
James Galang,2,39,11130.0,5,5,4,554,High Value
James Lanier,7,30,5509.0,4,3,1,431,Potential Customers
Jamie Frazer,7,35,11315.0,4,4,4,444,High Value
Jamie Kunitz,62,28,7858.0,1,2,2,122,Needs Attention
Jane Waco,13,40,14659.0,4,5,5,455,High Value
Janet Lee,2,28,12919.0,5,2,5,525,Potential Customers
Janet Martin,7,28,11424.0,4,2,4,424,Potential Customers
Janet Molinari,38,31,12324.0,2,3,5,235,At Risk
Jas O'Carroll,15,24,7780.0,3,1,2,312,Needs Attention
Jason Fortune-,57,31,12209.0,1,3,5,135,At Risk
Jason Gross,3,27,9288.0,5,1,3,513,Potential Customers
Jason Klamczynski,78,29,8011.0,1,2,2,122,Needs Attention
Jasper Cacioppo,35,33,10913.0,2,4,4,244,At Risk
Jay Fein,14,31,8673.0,3,3,2,332,Needs Attention
Jay Kimmel,2,33,13401.0,5,4,5,545,High Value
Jenna Caffey,9,32,10482.0,4,3,4,434,Potential Customers
Jennifer Braxton,8,40,9059.0,4,5,2,452,Loyal Customers
Jennifer Ferguson,3,31,7306.0,5,3,1,531,Potential Customers
Jennifer Halladay,6,39,9663.0,5,5,3,553,Loyal Customers
Jennifer Jackson,20,23,6561.0,3,1,1,311,Needs Attention
Jennifer Patt,37,36,11190.0,2,4,4,244,At Risk
Jeremy Ellison,28,29,5074.0,2,2,1,221,Needs Attention
Jeremy Farry,13,36,8060.0,4,4,2,442,Loyal Customers
Jeremy Lonsdale,31,25,6074.0,2,1,1,211,Needs Attention
Jeremy Pistek,9,30,15312.0,4,3,5,435,Potential Customers
Jessica Myrick,15,25,7789.0,3,1,2,312,Needs Attention
Jesus Ocampo,13,28,6690.0,4,2,1,421,Potential Customers
Jill Fjeld,2,34,14042.0,5,4,5,545,High Value
Jill Matthias,1,28,8666.0,5,2,2,522,Potential Customers
Jill Stevenson,6,24,6090.0,5,1,1,511,Potential Customers
Jim Epp,43,32,8791.0,1,3,2,132,At Risk
Jim Karlsson,2,35,13083.0,5,4,5,545,High Value
Jim Kriz,1,30,6051.0,5,3,1,531,Potential Customers
Jim Mitchum,9,41,13751.0,4,5,5,455,High Value
Jim Radford,13,25,8504.0,4,1,2,412,Potential Customers
Jim Sink,41,30,11308.0,1,3,4,134,At Risk
Jocasta Rupert,8,24,7150.0,4,1,1,411,Potential Customers
Joe Elijah,10,42,11111.0,4,5,4,454,High Value
Joe Kamberova,49,39,14303.0,1,5,5,155,At Risk
Joel Eaton,33,41,12824.0,2,5,5,255,At Risk
Joel Jenkins,3,33,11931.0,5,4,4,544,High Value
John Castell,2,29,8642.0,5,2,2,522,Potential Customers
John Dryer,16,27,8025.0,3,1,2,312,Needs Attention
John Grady,1,40,19483.0,5,5,5,555,High Value
John Huston,42,37,12115.0,1,5,5,155,At Risk
John Lee,22,37,10364.0,3,5,3,353,Loyal Customers
John Lucas,45,26,9383.0,1,1,3,113,Needs Attention
John Murray,69,33,12537.0,1,4,5,145,At Risk
John Stevenson,12,25,8118.0,4,1,2,412,Potential Customers
Jonathan Doherty,3,37,12955.0,5,5,5,555,High Value
Jonathan Howell,41,39,10772.0,1,5,4,154,At Risk
Joni Blumstein,10,27,8718.0,4,1,2,412,Potential Customers
Joni Sundaresam,6,28,6809.0,5,2,1,521,Potential Customers
Joni Wasserman,6,32,7947.0,5,3,2,532,Potential Customers
Joseph Airdo,1,30,8738.0,5,3,2,532,Potential Customers
Joseph Holt,12,42,13095.0,4,5,5,455,High Value
Joy Bell-,2,38,15276.0,5,5,5,555,High Value
Joy Daniels,43,31,7019.0,1,3,1,131,At Risk
Joy Smith,22,34,10253.0,3,4,3,343,Loyal Customers
Julia Barnett,1,32,8625.0,5,3,2,532,Potential Customers
Julia Dunbar,66,26,8596.0,1,1,2,112,Needs Attention
Julia West,2,29,10169.0,5,2,3,523,Potential Customers
Juliana Krohn,9,34,12644.0,4,4,5,445,High Value
Julie Creighton,58,34,10749.0,1,4,4,144,At Risk
Julie Kriz,98,31,11077.0,1,3,4,134,At Risk
Julie Prescott,27,42,11307.0,2,5,4,254,At Risk
Justin Deggeller,1,34,13402.0,5,4,5,545,High Value
Justin Ellison,21,28,7487.0,3,2,1,321,Needs Attention
Justin Hirsh,28,40,14804.0,2,5,5,255,At Risk
Justin MacKendrick,13,32,7963.0,4,3,2,432,Potential Customers
Justin Ritter,19,27,9916.0,3,1,3,313,Needs Attention
Kalyca Meade,1,21,6600.0,5,1,1,511,Potential Customers
Karen Bern,5,34,7616.0,5,4,1,541,Loyal Customers
Karen Carlisle,45,34,9096.0,1,4,2,142,At Risk
Karen Daniels,37,28,12542.0,2,2,5,225,Needs Attention
Karen Ferguson,33,30,9462.0,2,3,3,233,At Risk
Karen Seio,36,24,4004.0,2,1,1,211,Needs Attention
Karl Braun,3,40,12907.0,5,5,5,555,High Value
Katharine Harms,17,39,14912.0,3,5,5,355,Loyal Customers
Katherine Ducich,42,21,9210.0,1,1,3,113,Needs Attention
Katherine Hughes,2,35,9965.0,5,4,3,543,Loyal Customers
Katherine Murray,3,32,12760.0,5,3,5,535,Potential Customers
Katherine Nockton,20,30,7114.0,3,3,1,331,Needs Attention
Katrina Bavinger,20,31,9220.0,3,3,3,333,Needs Attention
Katrina Edelman,27,34,9114.0,2,4,2,242,At Risk
Katrina Willman,27,25,8454.0,2,1,2,212,Needs Attention
Kean Nguyen,38,34,12771.0,2,4,5,245,At Risk
Kean Takahito,44,39,12364.0,1,5,5,155,At Risk
Kean Thornton,28,26,6562.0,2,1,1,211,Needs Attention
Keith Dawkins,47,38,13066.0,1,5,5,155,At Risk
Keith Herrera,16,33,8849.0,3,4,2,342,Loyal Customers
Kelly Andreada,17,42,12726.0,3,5,5,355,Loyal Customers
Kelly Collister,34,31,9058.0,2,3,2,232,At Risk
Kelly Lampkin,16,33,10691.0,3,4,4,344,Loyal Customers
Kelly Williams,23,39,7637.0,3,5,2,352,Loyal Customers
Ken Black,94,29,7669.0,1,2,2,122,Needs Attention
Ken Brennan,2,36,8191.0,5,4,2,542,Loyal Customers
Ken Dana,76,27,7935.0,1,1,2,112,Needs Attention
Ken Heidel,9,32,6589.0,4,3,1,431,Potential Customers
Ken Lonsdale,1,32,12909.0,5,3,5,535,Potential Customers
Khloe Miller,16,31,7465.0,3,3,1,331,Needs Attention
Kimberly Carter,3,26,9505.0,5,1,3,513,Potential Customers
Kristen Hastings,3,45,13943.0,5,5,5,555,High Value
Kristina Nunn,99,24,6208.0,1,1,1,111,Needs Attention
Kunst Miller,29,25,12047.0,2,1,5,215,Needs Attention
Larry Blacks,10,35,11094.0,4,4,4,444,High Value
Larry Hughes,13,26,4829.0,4,1,1,411,Potential Customers
Larry Tron,7,34,11362.0,4,4,4,444,High Value
Laura Armstrong,2,45,14831.0,5,5,5,555,High Value
Laurel Beltran,40,37,13552.0,1,5,5,155,At Risk
Laurel Elliston,15,30,11477.0,3,3,4,334,Needs Attention
Laurel Workman,23,31,7387.0,3,3,1,331,Needs Attention
Lauren Leatherbury,27,35,12140.0,2,4,5,245,At Risk
Lela Donovan,43,37,11458.0,1,5,4,154,At Risk
Lena Cacioppo,24,28,8060.0,2,2,2,222,Needs Attention
Lena Creighton,17,37,13123.0,3,5,5,355,Loyal Customers
Lena Hernandez,22,31,9837.0,3,3,3,333,Needs Attention
Lena Radford,27,26,9149.0,2,1,3,213,Needs Attention
Linda Cazamias,42,34,10326.0,1,4,3,143,At Risk
Linda Southworth,7,32,11561.0,4,3,4,434,Potential Customers
Lindsay Castell,3,27,7835.0,5,2,2,522,Potential Customers
Lindsay Shagiari,21,27,8317.0,3,2,2,322,Needs Attention
Lindsay Williams,15,33,7259.0,3,4,1,341,Loyal Customers
Lisa DeCherney,44,33,10428.0,1,4,4,144,At Risk
Lisa Hazard,42,21,6474.0,1,1,1,111,Needs Attention
Lisa Ryan,46,35,13397.0,1,4,5,145,At Risk
Liz Carlisle,5,30,7621.0,5,3,1,531,Potential Customers
Liz MacKendrick,8,22,7599.0,4,1,1,411,Potential Customers
Liz Pelletier,41,31,7214.0,1,3,1,131,At Risk
Liz Preis,1,30,13151.0,5,3,5,535,Potential Customers
Liz Thompson,35,32,12674.0,2,3,5,235,At Risk
Liz Willingham,34,25,8045.0,2,1,2,212,Needs Attention
Logan Currie,14,36,14009.0,3,4,5,345,Loyal Customers
Logan Haushalter,76,37,10072.0,1,5,3,153,At Risk
Lori Olson,3,35,10859.0,5,4,4,544,High Value
Luke Foster,23,26,8308.0,3,1,2,312,Needs Attention
Luke Schmidt,16,28,11385.0,3,2,4,324,Needs Attention
Luke Weiss,22,28,7025.0,3,2,1,321,Needs Attention
Lycoris Saunders,5,34,11739.0,5,4,4,544,High Value
Lynn Smith,35,29,9435.0,2,2,3,223,Needs Attention
Magdelene Morse,5,30,9401.0,5,3,3,533,Potential Customers
Marc Crier,45,37,11961.0,1,5,4,154,At Risk
Marc Harrigan,38,28,13953.0,2,2,5,225,Needs Attention
Maria Bertelson,2,33,7563.0,5,4,1,541,Loyal Customers
Maria Etezadi,6,40,18237.0,5,5,5,555,High Value
Maria Zettner,22,30,9759.0,3,3,3,333,Needs Attention
Maribeth Dona,27,34,11249.0,2,4,4,244,At Risk
Maribeth Schnelling,6,38,11385.0,5,5,4,554,High Value
Maribeth Yedwab,30,30,9952.0,2,3,3,233,At Risk
Marina Lichtenstein,70,31,7518.0,1,3,1,131,At Risk
Maris LaWare,34,32,11649.0,2,3,4,234,At Risk
Mark Cousins,36,34,9812.0,2,4,3,243,At Risk
Mark Haberlin,9,33,7485.0,4,4,1,441,Loyal Customers
Mark Hamilton,55,36,12103.0,1,4,5,145,At Risk
Mark Packer,6,29,8777.0,5,2,2,522,Potential Customers
Mark Van Huff,17,32,10394.0,3,3,4,334,Needs Attention
Mary O'Rourke,37,29,8754.0,2,2,2,222,Needs Attention
Mary Zewe,24,34,12346.0,2,4,5,245,At Risk
MaryBeth Skach,16,31,9755.0,3,3,3,333,Needs Attention
Mathew Reese,98,28,16125.0,1,2,5,125,Needs Attention
Matt Abelman,65,28,12447.0,1,2,5,125,Needs Attention
Matt Collins,10,41,13453.0,4,5,5,455,High Value
Matt Collister,52,27,6891.0,1,2,1,121,Needs Attention
Matt Connell,50,28,10904.0,1,2,4,124,Needs Attention
Matt Hagelstein,24,27,10042.0,2,2,3,223,Needs Attention
Matthew Clasen,6,34,10728.0,5,4,4,544,High Value
Matthew Grinstein,20,22,10685.0,3,1,4,314,Needs Attention
Maureen Fritzler,49,32,9334.0,1,3,3,133,At Risk
Maureen Gastineau,37,35,10645.0,2,4,4,244,At Risk
Maureen Gnade,1,32,10243.0,5,3,3,533,Potential Customers
Maurice Satty,30,33,7482.0,2,4,1,241,At Risk
Max Engle,12,39,9924.0,4,5,3,453,Loyal Customers
Max Jones,22,30,12009.0,3,3,5,335,Needs Attention
Max Ludwig,2,33,11777.0,5,4,4,544,High Value
Maxwell Schwartz,35,42,10302.0,2,5,3,253,At Risk
Maya Herman,1,33,11092.0,5,4,4,544,High Value
Meg O'Connel,7,33,7963.0,4,4,2,442,Loyal Customers
Meg Tillman,50,33,10164.0,1,4,3,143,At Risk
Melanie Seite,5,33,11887.0,5,4,4,544,High Value
Michael Chen,2,31,10064.0,5,3,3,533,Potential Customers
Michael Dominguez,37,31,9165.0,2,3,3,233,At Risk
Michael Grace,6,32,7870.0,5,3,2,532,Potential Customers
Michael Granlund,6,29,5732.0,5,2,1,521,Potential Customers
Michael Kennedy,22,41,10640.0,3,5,4,354,Loyal Customers
Michael Moore,8,37,9236.0,4,5,3,453,Loyal Customers
Michael Nguyen,9,26,10708.0,4,1,4,414,Potential Customers
Michael Oakman,57,15,2830.0,1,1,1,111,Needs Attention
Michael Paige,28,46,12236.0,2,5,5,255,At Risk
Michael Stewart,7,32,8499.0,4,3,2,432,Potential Customers
Michelle Arnett,17,32,6983.0,3,3,1,331,Needs Attention
Michelle Ellison,43,28,9078.0,1,2,2,122,Needs Attention
Michelle Huthwaite,15,28,10331.0,3,2,3,323,Needs Attention
Michelle Lonsdale,8,26,7888.0,4,1,2,412,Potential Customers
Michelle Moray,16,33,10124.0,3,4,3,343,Loyal Customers
Michelle Tran,128,31,9319.0,1,3,3,133,At Risk
Mick Brown,12,37,10078.0,4,5,3,453,Loyal Customers
Mick Crebagga,42,35,10662.0,1,4,4,144,At Risk
Mick Hernandez,6,32,9775.0,5,3,3,533,Potential Customers
Mike Caudle,52,28,8335.0,1,2,2,122,Needs Attention
Mike Gockenbach,3,24,6869.0,5,1,1,511,Potential Customers
Mike Kennedy,23,30,9686.0,3,3,3,333,Needs Attention
Mike Pelletier,17,40,15022.0,3,5,5,355,Loyal Customers
Mike Vittorini,8,36,9876.0,4,4,3,443,Loyal Customers
Mitch Gastineau,2,35,11032.0,5,4,4,544,High Value
Mitch Webber,18,34,11794.0,3,4,4,344,Loyal Customers
Mitch Willingham,1,29,11373.0,5,2,4,524,Potential Customers
Monica Federle,8,38,14163.0,4,5,5,455,High Value
Muhammed Lee,9,35,10794.0,4,4,4,444,High Value
Muhammed MacIntyre,13,34,7812.0,4,4,2,442,Loyal Customers
Muhammed Yedwab,1,39,16091.0,5,5,5,555,High Value
Nancy Lomonaco,26,26,5714.0,2,1,1,211,Needs Attention
Naresj Patel,2,33,9133.0,5,4,2,542,Loyal Customers
Nat Carroll,6,28,11100.0,5,2,4,524,Potential Customers
Nat Gilpin,49,28,9873.0,1,2,3,123,Needs Attention
Natalie DeCherney,13,29,10384.0,4,2,4,424,Potential Customers
Natalie Fritzler,2,40,15013.0,5,5,5,555,High Value
Natalie Webber,118,31,10940.0,1,3,4,134,At Risk
Nathan Cano,40,23,5752.0,1,1,1,111,Needs Attention
Nathan Gelder,19,34,11695.0,3,4,4,344,Loyal Customers
Nathan Mautz,31,41,15551.0,2,5,5,255,At Risk
Neil Ducich,6,29,7258.0,5,2,1,521,Potential Customers
Neil Französisch,7,29,8692.0,4,2,2,422,Potential Customers
Neil Knudson,27,28,11034.0,2,2,4,224,Needs Attention
Neola Schneider,7,30,11563.0,4,3,4,434,Potential Customers
Neoma Murray,20,27,5893.0,3,2,1,321,Needs Attention
Nick Crebassa,7,29,7502.0,4,2,1,421,Potential Customers
Nick Radford,3,34,12891.0,5,4,5,545,High Value
Nick Zandusky,86,29,9891.0,1,2,3,123,Needs Attention
Nicole Brennan,429,16,3465.0,1,1,1,111,Needs Attention
Nicole Fjeld,12,26,8154.0,4,1,2,412,Potential Customers
Nicole Hansen,6,27,15277.0,5,2,5,525,Potential Customers
Noah Childs,21,30,12419.0,3,3,5,335,Needs Attention
Noel Staavos,37,44,14298.0,2,5,5,255,At Risk
Nona Balk,20,26,6447.0,3,1,1,311,Needs Attention
Nora Paige,59,24,9792.0,1,1,3,113,Needs Attention
Nora Pelletier,15,33,7973.0,3,4,2,342,Loyal Customers
Nora Preis,29,32,8139.0,2,3,2,232,At Risk
Odella Nelson,48,38,13706.0,1,5,5,155,At Risk
Olvera Toch,34,36,11007.0,2,4,4,244,At Risk
Pamela Coakley,3,25,9296.0,5,1,3,513,Potential Customers
Pamela Stobb,30,30,10313.0,2,3,3,233,At Risk
Parhena Norris,16,38,9654.0,3,5,3,353,Loyal Customers
Patricia Hirasaki,58,25,6026.0,1,1,1,111,Needs Attention
Patrick Bzostek,9,28,7980.0,4,2,2,422,Potential Customers
Patrick Gardner,21,41,9431.0,3,5,3,353,Loyal Customers
Patrick Jones,40,24,5180.0,1,1,1,111,Needs Attention
Patrick O'Brill,5,45,15218.0,5,5,5,555,High Value
Patrick O'Donnell,1,40,10512.0,5,5,4,554,High Value
Patrick Ryan,26,34,14330.0,2,4,5,245,At Risk
Paul Gonzalez,3,34,15922.0,5,4,5,545,High Value
Paul Knutson,99,20,7091.0,1,1,1,111,Needs Attention
Paul Lucas,16,22,7348.0,3,1,1,311,Needs Attention
Paul MacIntyre,22,30,5516.0,3,3,1,331,Needs Attention
Paul Prost,15,32,15850.0,3,3,5,335,Needs Attention
Paul Stevenson,33,34,11983.0,2,4,4,244,At Risk
Paul Van Hugh,9,32,10379.0,4,3,4,434,Potential Customers
Pauline Chand,22,22,4594.0,3,1,1,311,Needs Attention
Pauline Johnson,20,30,7975.0,3,3,2,332,Needs Attention
Pauline Webber,8,37,9344.0,4,5,3,453,Loyal Customers
Penelope Sewall,21,32,11264.0,3,3,4,334,Needs Attention
Pete Armstrong,24,25,6417.0,2,1,1,211,Needs Attention
Pete Kriz,9,31,9828.0,4,3,3,433,Potential Customers
Pete Takahito,3,29,10351.0,5,2,3,523,Potential Customers
Peter Bühler,1,19,6721.0,5,1,1,511,Potential Customers
Peter Fuller,84,34,8679.0,1,4,2,142,At Risk
Peter McVee,13,28,7985.0,4,2,2,422,Potential Customers
Philip Brown,6,43,10083.0,5,5,3,553,Loyal Customers
Philip Fox,35,42,12294.0,2,5,5,255,At Risk
Philisse Overcash,30,31,10149.0,2,3,3,233,At Risk
Phillina Ober,34,29,9654.0,2,2,3,223,Needs Attention
Phillip Breyer,9,33,14821.0,4,4,5,445,High Value
Phillip Flathmann,3,36,10198.0,5,4,3,543,Loyal Customers
Pierre Wener,2,30,5880.0,5,3,1,531,Potential Customers
Quincy Jones,26,27,6962.0,2,2,1,221,Needs Attention
Rachel Payne,8,32,7014.0,4,3,1,431,Potential Customers
Ralph Arnett,6,38,15848.0,5,5,5,555,High Value
Ralph Kennedy,29,30,9269.0,2,3,3,233,At Risk
Ralph Ritter,20,24,9305.0,3,1,3,313,Needs Attention
Randy Bradley,16,39,16399.0,3,5,5,355,Loyal Customers
Randy Ferguson,7,31,10497.0,4,3,4,434,Potential Customers
Raymond Buch,21,29,9927.0,3,2,3,323,Needs Attention
Raymond Messe,10,31,10588.0,4,3,4,434,Potential Customers
Resi Pölking,16,39,13012.0,3,5,5,355,Loyal Customers
Ricardo Emerson,29,27,9875.0,2,2,3,223,Needs Attention
Ricardo Sperren,34,34,10308.0,2,4,3,243,At Risk
Richard Bierner,20,34,9034.0,3,4,2,342,Loyal Customers
Richard Eichhorn,16,29,9811.0,3,2,3,323,Needs Attention
Rick Bensley,1,37,14259.0,5,5,5,555,High Value
Rick Duston,1,32,11140.0,5,3,4,534,Potential Customers
Rick Hansen,25,29,7622.0,2,2,1,221,Needs Attention
Rick Huthwaite,21,32,8474.0,3,3,2,332,Needs Attention
Rick Reed,1,34,13359.0,5,4,5,545,High Value
Rick Wilson,27,31,12965.0,2,3,5,235,At Risk
Ritsa Hightower,8,29,10209.0,4,2,3,423,Potential Customers
Rob Beeghly,21,29,7298.0,3,2,1,321,Needs Attention
Rob Dowd,26,37,11959.0,2,5,4,254,At Risk
Rob Haberlin,7,29,4989.0,4,2,1,421,Potential Customers
Rob Lucas,121,29,8967.0,1,2,2,122,Needs Attention
Rob Williams,78,28,7579.0,1,2,1,121,Needs Attention
Robert Barroso,151,25,5072.0,1,1,1,111,Needs Attention
Robert Dilbeck,28,28,8643.0,2,2,2,222,Needs Attention
Robert Marley,5,27,8347.0,5,2,2,522,Potential Customers
Robert Waldorf,16,32,7419.0,3,3,1,331,Needs Attention
Roger Barcio,17,28,9129.0,3,2,2,322,Needs Attention
Roger Demir,22,37,10075.0,3,5,3,353,Loyal Customers
Roland Fjeld,2,26,10198.0,5,1,3,513,Potential Customers
Roland Murray,17,25,4914.0,3,1,1,311,Needs Attention
Roland Schwarz,37,29,10519.0,2,2,4,224,Needs Attention
Rose O'Brian,5,38,12562.0,5,5,5,555,High Value
Ross Baird,31,39,12598.0,2,5,5,255,At Risk
Ross DeVincentis,15,36,8731.0,3,4,2,342,Loyal Customers
Roy Collins,119,26,5521.0,1,1,1,111,Needs Attention
Roy Französisch,7,37,12696.0,4,5,5,455,High Value
Roy Phan,29,32,11469.0,2,3,4,234,At Risk
Roy Skaria,20,28,8121.0,3,2,2,322,Needs Attention
Ruben Ausman,44,30,11149.0,1,3,4,134,At Risk
Ruben Dartt,33,39,12314.0,2,5,5,255,At Risk
Russell Applegate,13,27,11685.0,4,2,4,424,Potential Customers
Russell D'Ascenzo,29,33,8588.0,2,4,2,242,At Risk
Ryan Akin,2,29,8165.0,5,2,2,522,Potential Customers
Ryan Crowe,23,26,8531.0,3,1,2,312,Needs Attention
Sally Hughsby,26,36,12005.0,2,5,4,254,At Risk
Sally Knutson,9,25,8423.0,4,1,2,412,Potential Customers
Sally Matthias,105,29,5530.0,1,2,1,121,Needs Attention
Sam Craven,9,38,11056.0,4,5,4,454,High Value
Sam Zeldin,14,39,12038.0,3,5,5,355,Loyal Customers
Sample Company A,41,37,13118.0,1,5,5,155,At Risk
Sandra Flanagan,59,29,9517.0,1,2,3,123,Needs Attention
Sandra Glassco,4,23,9272.0,5,1,3,513,Potential Customers
Sanjit Chand,76,33,10576.0,1,4,4,144,At Risk
Sanjit Engle,10,37,14130.0,4,5,5,455,High Value
Sanjit Jacobs,33,38,8349.0,2,5,2,252,At Risk
Saphhira Shifley,16,36,11414.0,3,5,4,354,Loyal Customers
Sara Luxemburg,30,45,12326.0,2,5,5,255,At Risk
Sarah Bern,3,20,10439.0,5,1,4,514,Potential Customers
Sarah Brown,75,37,12598.0,1,5,5,155,At Risk
Sarah Foster,6,35,9186.0,5,4,3,543,Loyal Customers
Sarah Jordon,29,41,10343.0,2,5,3,253,At Risk
Scot Coram,17,27,9255.0,3,2,3,323,Needs Attention
Scot Wooten,13,28,10061.0,4,2,3,423,Potential Customers
Scott Cohen,1,33,9711.0,5,4,3,543,Loyal Customers
Scott Williamson,22,37,12345.0,3,5,5,355,Loyal Customers
Sean Braxton,42,25,7849.0,1,1,2,112,Needs Attention
Sean Christensen,17,32,8096.0,3,3,2,332,Needs Attention
Sean Miller,22,25,5643.0,3,1,1,311,Needs Attention
Sean O'Donnell,30,30,11187.0,2,3,4,234,At Risk
Sean Wendt,13,28,4913.0,4,2,1,421,Potential Customers
Seth Vernon,88,36,14904.0,1,5,5,155,At Risk
Shahid Collister,31,40,11615.0,2,5,4,254,At Risk
Shahid Hopkins,24,36,11786.0,2,5,4,254,At Risk
Shahid Shariari,27,37,8934.0,2,5,2,252,At Risk
Sharelle Roach,9,24,8601.0,4,1,2,412,Potential Customers
Shaun Chance,10,29,7144.0,4,2,1,421,Potential Customers
Shaun Weien,8,29,6027.0,4,2,1,421,Potential Customers
Sheri Gordon,91,30,8203.0,1,3,2,132,At Risk
Shirley Daniels,16,40,11659.0,3,5,4,354,Loyal Customers
Shirley Jackson,176,29,7844.0,1,2,2,122,Needs Attention
Shirley Schmidt,1,21,5213.0,5,1,1,511,Potential Customers
Shui Tom,7,38,7929.0,4,5,2,452,Loyal Customers
Sibella Parks,17,23,5935.0,3,1,1,311,Needs Attention
Skye Norling,14,31,9316.0,3,3,3,333,Needs Attention
Sonia Cooley,79,34,8602.0,1,4,2,142,At Risk
Sonia Sunley,6,28,9454.0,5,2,3,523,Potential Customers
Speros Goranitis,84,36,8291.0,1,5,2,152,At Risk
Stefania Perrino,6,35,8655.0,5,4,2,542,Loyal Customers
Stefanie Holloman,31,28,10007.0,2,2,3,223,Needs Attention
Stephanie Phelps,28,28,5075.0,2,2,1,221,Needs Attention
Stephanie Ulpright,5,29,9199.0,5,2,3,523,Potential Customers
Steve Carroll,22,35,12455.0,3,4,5,345,Loyal Customers
Steve Chapman,10,36,13169.0,4,5,5,455,High Value
Steve Nguyen,45,27,9043.0,1,2,2,122,Needs Attention
Steven Cartwright,8,36,11707.0,4,5,4,454,High Value
Steven Roelle,22,36,10621.0,3,5,4,354,Loyal Customers
Steven Ward,16,37,15984.0,3,5,5,355,Loyal Customers
Stewart Carmichael,41,38,15452.0,1,5,5,155,At Risk
Stewart Visinsky,22,34,11174.0,3,4,4,344,Loyal Customers
Stuart Calhoun,31,24,3583.0,2,1,1,211,Needs Attention
Stuart Van,9,31,10550.0,4,3,4,434,Potential Customers
Sue Ann Reed,11,39,9967.0,4,5,3,453,Loyal Customers
Sung Chung,9,27,7931.0,4,2,2,422,Potential Customers
Sung Pak,55,28,6189.0,1,2,1,121,Needs Attention
Sung Shariari,15,25,5331.0,3,1,1,311,Needs Attention
Susan Gilcrest,17,28,9345.0,3,2,3,323,Needs Attention
Susan MacKendrick,38,21,7225.0,2,1,1,211,Needs Attention
Susan Pistek,7,32,10528.0,4,3,4,434,Potential Customers
Susan Vittorini,1,31,12050.0,5,3,5,535,Potential Customers
Suzanne McNair,26,38,10001.0,2,5,3,253,At Risk
Sylvia Foulston,49,21,5359.0,1,1,1,111,Needs Attention
Tamara Chand,28,36,10548.0,2,5,4,254,At Risk
Tamara Dahlen,1,28,5000.0,5,2,1,521,Potential Customers
Tamara Manning,65,30,7347.0,1,3,1,131,At Risk
Tamara Willingham,20,34,5938.0,3,4,1,341,Loyal Customers
Tanja Norvell,23,31,7268.0,3,3,1,331,Needs Attention
Ted Butterfield,36,31,10019.0,2,3,3,233,At Risk
Ted Trevino,15,33,10547.0,3,4,4,344,Loyal Customers
Thais Sissman,42,27,6787.0,1,2,1,121,Needs Attention
Thea Hendricks,7,31,11671.0,4,3,4,434,Potential Customers
Thea Hudgings,44,31,11192.0,1,3,4,134,At Risk
Theone Pippenger,3,41,17416.0,5,5,5,555,High Value
Theresa Coyne,12,35,13887.0,4,4,5,445,High Value
Theresa Swint,9,27,6534.0,4,2,1,421,Potential Customers
Thomas Boland,40,31,11211.0,1,3,4,134,At Risk
Thomas Brumley,50,21,8178.0,1,1,2,112,Needs Attention
Thomas Seio,27,34,8486.0,2,4,2,242,At Risk
Thomas Thornton,6,29,9777.0,5,2,3,523,Potential Customers
Tiffany House,9,34,8477.0,4,4,2,442,Loyal Customers
Tim Brockman,2,42,12180.0,5,5,5,555,High Value
Tim Taslimi,2,28,6959.0,5,2,1,521,Potential Customers
Toby Braunhardt,58,34,10412.0,1,4,4,144,At Risk
Toby Carlisle,13,33,12016.0,4,4,5,445,High Value
Toby Gnade,15,34,11004.0,3,4,4,344,Loyal Customers
Toby Ritter,2,25,9778.0,5,1,3,513,Potential Customers
Toby Swindell,9,36,12862.0,4,5,5,455,High Value
Todd Boyes,15,28,7155.0,3,2,1,321,Needs Attention
Todd Sumrall,19,33,13667.0,3,4,5,345,Loyal Customers
Tom Ashbrook,9,29,12268.0,4,2,5,425,Potential Customers
Tom Boeckenhauer,48,33,13345.0,1,4,5,145,At Risk
Tom Prescott,49,25,8458.0,1,1,2,112,Needs Attention
Tom Stivers,20,27,9486.0,3,2,3,323,Needs Attention
Tom Zandusky,9,35,12855.0,4,4,5,445,High Value
Tonja Turnell,13,38,11978.0,4,5,4,454,High Value
Tony Chapman,2,38,9126.0,5,5,2,552,Loyal Customers
Tony Molinari,41,34,11213.0,1,4,4,144,At Risk
Tony Sayre,12,29,10420.0,4,2,4,424,Potential Customers
Tracy Blumstein,19,45,14888.0,3,5,5,355,Loyal Customers
Tracy Collins,1,34,9811.0,5,4,3,543,Loyal Customers
Tracy Hopkins,6,30,9607.0,5,3,3,533,Potential Customers
Tracy Poddar,15,35,10849.0,3,4,4,344,Loyal Customers
Tracy Zic,36,23,6412.0,2,1,1,211,Needs Attention
Troy Blackwell,29,29,7943.0,2,2,2,222,Needs Attention
Troy Staebel,21,35,14061.0,3,4,5,345,Loyal Customers
Trudy Brown,42,34,11758.0,1,4,4,144,At Risk
Trudy Glocke,6,38,9812.0,5,5,3,553,Loyal Customers
Trudy Schmidt,85,29,7976.0,1,2,2,122,Needs Attention
Valerie Dominguez,1,30,11391.0,5,3,4,534,Potential Customers
Valerie Mitchum,14,37,8198.0,3,5,2,352,Loyal Customers
Valerie Takahito,8,32,13231.0,4,3,5,435,Potential Customers
Vicky Freymann,14,25,5549.0,3,1,1,311,Needs Attention
Victor Preis,29,33,9149.0,2,4,3,243,At Risk
Victoria Brennan,5,24,9630.0,5,1,3,513,Potential Customers
Victoria Pisteka,76,29,11261.0,1,2,4,124,Needs Attention
Victoria Wilson,7,33,10838.0,4,4,4,444,High Value
Vivek Gonzalez,111,30,8613.0,1,3,2,132,At Risk
Vivek Grady,3,26,10181.0,5,1,3,513,Potential Customers
Vivek Sundaresam,23,22,6396.0,3,1,1,311,Needs Attention
Vivian Mathis,9,23,3891.0,4,1,1,411,Potential Customers
William Brown,21,40,14763.0,3,5,5,355,Loyal Customers
Xylona Preis,44,28,7013.0,1,2,1,121,Needs Attention
Yana Sorensen,5,29,9346.0,5,2,3,523,Potential Customers
Yoseph Carroll,5,27,7754.0,5,2,2,522,Potential Customers
Zuschuss Carroll,4,37,10615.0,5,5,4,554,High Value
Zuschuss Donatelli,2,28,10303.0,5,2,3,523,Potential Customers
