sub_category,total_sales,total_profit,average_profit,profit_margin
Tables,289686.0,-69921.272,-115.19155189456342,-33.737726057035786
Fasteners,83254.0,11525.4241,4.76257194214876,5.514040294243562
Labels,73433.0,15010.512,5.759981580967,11.918234341086542
Machines,414983.0,22674.9624,17.415485714285715,-6.6199536204948375
Supplies,210069.0,23994.5457,9.927408233347125,4.412505270225542
Envelopes,170926.0,29601.1163,12.156515934291582,8.996664286597381
Appliances,377590.0,29703.9557,20.830263464235625,-3.933001215008069
Furnishings,377432.0,45012.2155,14.230861681947518,5.432008228671813
Binders,346130.0,48538.116,7.9466463654223976,-0.3320615237741458
Bookcases,811505.0,53580.6899,26.38143274249138,-1.255211071387256
Art,371050.0,57842.6085,11.848137750921754,6.578980119089541
Paper,244307.0,59207.6827,16.73478877897117,19.69787936590232
Chairs,927982.0,68377.7445,22.021817874396135,1.5458501648010992
Storage,913499.0,74684.47350000001,15.232403324495209,0.8028141345451412
Phones,870518.0,78170.2051,26.498374610169495,2.7005991757440873
Accessories,570054.0,81507.8558,27.57369952638701,7.979762606680165
Copiers,782710.0,85220.44908,47.08312103867404,3.9227686653026432
